customer_id,last_purchase_date,frequency,monetary,quantity,recency,purchase_days
12346,2019-09-15,1,174.98174,3,108,1
12347,2019-11-02,31,15686.84396,342,60,3
12348,2019-10-19,8,1689.5559400000002,209,74,2
12350,2019-12-14,11,1467.4352800000001,21,18,1
12356,2019-09-15,13,2007.429,56,108,1
12359,2019-08-23,3,784.0332000000001,86,131,1
12370,2019-06-25,44,8031.29582,613,190,2
12373,2019-12-07,5,595.5660600000001,22,25,1
12377,2019-11-21,37,11244.90066,421,41,2
12383,2019-09-23,39,5865.099560000001,185,100,4
12386,2019-07-28,6,680.4015800000001,15,157,2
12388,2019-09-08,10,909.8165,25,115,1
12393,2019-08-31,13,2397.5043800000003,119,123,2
12395,2019-07-20,14,1721.25164,61,165,3
12402,2019-09-28,6,676.1233,17,95,1
12410,2019-12-21,14,2725.0742,67,11,1
12413,2019-08-22,10,3434.5452600000003,259,132,2
12414,2019-12-14,6,697.9715,7,18,2
12415,2019-08-13,24,3294.23923,169,141,3
12417,2019-10-18,15,2024.68804,157,75,3
12421,2019-10-16,6,2075.89838,17,77,1
12422,2019-09-20,9,1007.21776,101,103,2
12423,2019-07-12,8,882.5946600000001,17,173,1
12427,2019-07-14,3,1534.11808,170,171,2
12429,2019-04-13,10,2914.15228,133,263,1
12431,2019-11-21,32,6171.70308,57,41,5
12433,2019-04-10,55,18863.68884,1494,266,3
12434,2019-05-23,1,50.7776,15,223,1
12437,2019-12-14,14,2755.16638,26,18,3
12441,2019-03-29,11,1653.77868,16,278,2
12451,2019-09-19,57,10932.28554,799,104,1
12464,2019-12-18,6,1096.3022,10,14,1
12468,2019-11-10,7,1560.99244,26,52,1
12471,2019-12-16,70,15517.648650000001,279,16,11
12472,2019-10-30,67,13372.6937,508,63,3
12474,2019-11-01,27,7314.63474,225,61,6
12476,2019-11-28,13,3435.4610000000002,302,34,2
12477,2019-12-05,2,254.23685,2,27,1
12480,2019-08-06,14,1670.30036,51,148,1
12481,2019-08-02,13,10856.093700000001,757,152,4
12483,2019-07-18,6,1161.5919800000001,27,167,1
12484,2019-08-04,35,6589.10394,434,150,1
12489,2019-08-03,6,736.88596,48,151,1
12490,2019-08-30,22,3189.99672,61,124,1
12494,2019-07-20,5,486.76556999999997,9,165,4
12500,2019-08-13,3,102.48740000000001,5,141,1
12501,2019-11-20,71,11656.62918,606,42,3
12502,2019-12-16,21,5125.28861,117,16,1
12503,2019-07-27,1,17.161500000000004,1,158,1
12510,2019-09-18,12,1496.21764,216,105,1
12515,2019-07-13,4,1571.37022,95,172,1
12523,2019-08-22,3,511.3107600000001,28,132,1
12524,2019-08-14,5,631.95496,23,140,2
12527,2019-09-15,6,1863.7461999999998,424,108,1
12528,2019-11-27,22,4672.2192000000005,96,35,1
12530,2019-08-02,8,1566.4464,86,152,1
12539,2019-11-08,100,20851.42164,486,54,4
12540,2019-12-10,32,4813.4365800000005,310,22,4
12551,2019-06-26,9,1693.5268,17,189,1
12553,2019-10-23,14,1907.6574,91,70,3
12557,2019-08-17,4,342.75383999999997,10,137,3
12559,2019-12-11,11,3100.4196,136,21,2
12567,2019-12-21,71,13765.03646,519,11,3
12574,2019-11-16,5,1679.7836000000002,190,46,1
12577,2019-06-12,33,6830.13114,976,203,1
12578,2019-11-05,40,6156.4448600000005,116,57,4
12583,2019-08-02,15,3320.84496,155,152,2
12585,2019-07-24,26,4636.52956,212,161,2
12586,2019-03-04,1,28.9082,1,303,1
12591,2019-11-02,21,4997.04464,158,60,1
12594,2019-09-30,5,804.3387,131,93,1
12600,2019-12-16,8,888.8449499999999,16,16,4
12601,2019-08-17,4,607.44524,9,137,1
12605,2019-04-19,2,330.7242,3,257,1
12609,2019-10-27,4,447.49100000000004,19,66,1
12621,2019-06-27,20,2858.3619000000003,117,188,3
12625,2019-12-16,24,6771.98724,186,16,3
12626,2019-12-04,34,5794.57333,582,28,5
12637,2019-11-05,26,4952.44242,125,57,2
12643,2019-08-18,1,73.3482,2,136,1
12645,2019-11-10,8,2588.35462,77,52,1
12647,2019-06-26,28,4437.39215,216,189,4
12649,2019-04-18,1,28.33198,2,258,1
12651,2019-08-09,7,2522.32852,255,145,1
12652,2019-10-05,26,3183.90632,169,88,3
12662,2019-12-19,16,3453.4132400000003,148,13,2
12664,2019-10-02,5,797.8032000000001,5,91,1
12665,2019-09-19,2,131.4588,17,104,2
12666,2019-06-09,2,50.09394,2,206,1
12668,2019-11-30,38,7646.890780000001,214,32,2
12672,2019-08-30,3,334.60288,10,124,1
12673,2019-09-09,11,1820.2610599999998,35,114,1
12676,2019-12-10,10,1443.42712,13,22,1
12678,2019-07-12,3,253.2297,6,173,1
12681,2019-12-03,88,18476.58312,504,29,7
12682,2019-12-11,68,13474.483250000001,230,21,6
12683,2019-09-30,38,11534.86818,744,93,5
12686,2019-01-31,6,1109.675,9,335,1
12691,2019-10-27,8,1529.6788400000003,19,66,4
12693,2019-10-14,4,1810.0624000000003,17,79,1
12705,2019-06-28,13,1901.78133,36,187,1
12708,2019-08-30,21,3209.5793400000002,170,124,3
12709,2019-11-08,16,3364.42016,200,54,4
12712,2019-12-21,27,4284.3485,65,11,7
12720,2019-11-27,26,7348.71969,225,35,3
12721,2019-07-06,10,2245.83354,144,179,2
12724,2019-08-21,7,567.21984,13,133,1
12725,2019-02-09,14,4914.66662,795,326,2
12726,2019-11-17,16,2017.977,42,45,2
12727,2019-10-11,8,1011.75622,15,82,1
12728,2019-08-19,7,652.31036,87,135,1
12731,2019-11-27,38,13512.63248,1121,35,2
12734,2019-07-13,2,115.60408000000001,5,172,1
12735,2019-11-20,18,3348.29033,65,42,2
12736,2019-08-16,1,171.68880000000001,25,138,1
12738,2019-01-30,8,1920.0156000000002,17,336,1
12744,2019-10-24,34,11034.29156,366,69,2
12747,2019-09-28,10,1880.966,211,95,3
12748,2019-09-15,328,85039.92206,4869,108,34
12753,2019-08-01,20,2613.74508,136,153,2
12754,2019-12-21,17,4053.4232,66,11,1
12755,2019-04-12,1,59.57876,2,264,1
12763,2019-03-02,8,1091.48228,39,305,2
12764,2019-11-06,28,5815.77772,217,56,1
12766,2019-08-11,28,5065.085230000001,158,143,3
12775,2019-12-18,7,1424.1017200000001,29,14,2
12778,2019-12-01,3,654.99834,10,31,1
12779,2019-12-24,15,2588.90982,98,8,3
12782,2019-10-28,32,4706.17436,172,65,4
12785,2019-04-30,8,914.15513,17,246,1
12791,2019-01-03,2,155.22770000000003,2,363,1
12793,2019-08-09,11,2524.0087,61,145,2
12797,2019-06-02,7,477.44414000000006,18,213,2
12808,2019-03-04,5,593.3585,105,303,1
12820,2019-09-11,5,713.2713,107,112,1
12826,2019-11-08,31,8226.967120000001,313,54,3
12829,2019-10-03,6,1149.1694000000002,18,90,3
12836,2019-12-06,19,3340.7390699999996,227,26,2
12838,2019-01-05,28,5864.169800000001,483,361,1
12839,2019-06-29,23,4203.37726,107,186,3
12841,2019-11-27,49,13489.66112,376,35,5
12842,2019-12-23,9,2555.8237,18,9,1
12853,2019-12-03,12,2118.44875,43,29,2
12854,2019-10-24,23,5056.495080000001,46,69,2
12855,2019-01-17,3,954.9455,7,349,1
12865,2019-06-05,1,267.8,2,210,1
12867,2019-06-02,24,3955.17424,307,213,2
12868,2019-11-12,19,6302.930740000001,101,50,3
12870,2019-04-06,1,66.20948,2,270,1
12872,2019-09-07,31,4797.92654,290,116,2
12875,2019-05-06,1,7.32,1,240,1
12877,2019-08-31,11,1417.2604999999999,19,123,2
12908,2019-11-29,1,263.8,2,33,1
12913,2019-03-18,2,99.74194,4,289,1
12915,2019-01-22,7,1296.8897200000001,37,344,1
12916,2019-10-06,19,4493.84756,178,87,2
12921,2019-07-20,30,6735.59447,394,165,3
12924,2019-09-05,1,29.5543,3,118,1
12928,2019-06-11,8,382.07279,21,204,1
12929,2019-12-06,5,999.427,13,26,1
12931,2019-06-29,2,33.8885,2,186,2
12935,2019-10-16,2,9060.4986,49,77,1
12939,2019-08-08,2,269.1743,18,146,1
12942,2019-04-11,7,917.9694000000001,36,265,1
12944,2019-07-06,7,1230.1316000000002,42,179,2
12947,2019-10-27,25,5469.743780000001,54,66,5
12951,2019-10-12,6,1042.5997399999999,28,81,2
12956,2019-12-31,14,3286.15547,35,1,1
12957,2019-08-01,13,1374.34536,70,153,2
12963,2019-04-11,6,1063.4841000000001,49,265,2
12967,2019-06-23,10,1785.08874,23,192,3
12970,2019-10-04,2,595.2860000000001,52,89,1
12971,2019-12-19,31,4775.46375,150,13,15
12980,2019-08-23,4,1358.1041,144,131,3
12989,2019-09-05,2,191.858,2,118,2
12990,2019-12-14,2,491.8194,4,18,1
12997,2019-11-21,7,962.0542,89,41,2
13000,2019-04-24,8,1002.04048,12,252,1
13001,2019-10-27,23,2608.75316,137,66,2
13002,2019-10-27,5,976.0398000000001,9,66,1
13004,2019-11-10,37,6286.38456,234,52,3
13008,2019-09-28,8,2360.5195400000002,42,95,2
13011,2019-01-30,3,246.16621999999998,17,336,1
13013,2019-02-03,28,5998.56216,158,332,1
13021,2019-06-13,6,1924.3186399999997,82,202,2
13027,2019-07-07,4,360.52656,16,178,1
13029,2019-07-12,1,16.4895,1,173,1
13030,2019-03-15,16,2656.46304,226,292,1
13033,2019-06-27,5,609.4750799999999,12,188,1
13034,2019-02-28,4,247.55676,39,307,1
13047,2019-12-18,26,3348.77498,175,14,3
13048,2019-09-06,17,3298.94848,556,117,1
13049,2019-10-27,3,282.82656,15,66,1
13050,2019-12-27,60,11341.08425,298,5,9
13064,2019-09-06,1,237.36237999999997,11,117,1
13065,2019-01-16,7,1655.6929200000002,27,350,2
13068,2019-10-11,1,6.99,1,82,1
13069,2019-12-28,68,9848.984120000001,266,4,5
13077,2019-04-07,4,1777.2829800000002,148,269,1
13078,2019-11-10,24,4471.40575,409,52,8
13081,2019-08-31,117,23607.04965,1137,123,6
13082,2019-07-24,6,1118.4082,9,161,1
13089,2019-12-11,176,30533.26511,927,21,20
13090,2019-09-30,9,1511.2822,34,93,5
13092,2019-06-07,4,339.54109,8,208,1
13093,2019-12-12,65,13057.10722,612,20,7
13094,2019-07-31,4,471.82408000000004,26,154,3
13097,2019-07-26,18,3571.2249300000003,280,159,2
13098,2019-11-03,14,2431.1222000000002,25,59,2
13102,2019-12-24,54,9386.99281,169,8,8
13104,2019-07-06,1,123.81000000000002,1,179,1
13107,2019-09-04,10,3114.7150800000004,149,119,2
13108,2019-01-18,3,623.0708,253,348,1
13110,2019-12-10,8,1075.59254,52,22,1
13113,2019-12-24,29,21529.40783,2494,8,6
13115,2019-08-01,2,288.6816,9,153,2
13117,2019-10-17,12,2415.05084,89,76,3
13124,2019-06-10,30,4878.3379,76,205,2
13126,2019-08-17,18,2539.40569,73,137,3
13136,2019-04-19,3,253.78640000000001,3,257,1
13137,2019-12-22,33,7618.39157,78,10,1
13138,2019-01-26,7,1693.3017800000002,21,340,2
13140,2019-04-07,4,783.79764,36,269,1
13141,2019-12-10,16,3630.16832,112,22,3
13144,2019-08-17,1,54.096199999999996,3,137,1
13145,2019-01-30,1,24.023,1,336,1
13148,2019-11-25,78,19157.600000000002,186,37,5
13155,2019-09-08,38,6274.881350000001,164,115,3
13158,2019-10-18,16,3706.7486,67,75,1
13161,2019-11-24,2,544.67932,9,38,1
13162,2019-08-22,25,3863.3304000000003,111,132,2
13165,2019-07-14,5,924.8657000000001,17,171,1
13168,2019-10-26,36,5878.655000000001,753,67,1
13173,2019-03-23,15,4020.3736000000004,151,284,1
13174,2019-11-13,124,24470.40076,794,49,4
13178,2019-05-25,14,2086.96806,37,221,1
13183,2019-08-07,11,2105.64912,48,147,1
13187,2019-08-01,10,1515.02386,117,153,1
13198,2019-10-24,39,6261.369860000001,132,69,3
13199,2019-12-13,14,2106.3838800000003,32,19,6
13208,2019-12-20,13,2442.3757,97,12,1
13209,2019-09-12,10,524.3713,26,111,3
13211,2019-05-21,1,70.04356,2,225,1
13221,2019-06-07,19,2690.06346,136,208,1
13225,2019-07-26,5,625.7065799999999,52,159,2
13230,2019-12-20,42,11237.69331,396,12,3
13233,2019-08-06,8,1439.8758,21,148,2
13238,2019-05-31,4,556.5562,35,215,1
13240,2019-04-14,15,1694.0332600000002,49,262,1
13246,2019-09-13,18,2544.15392,65,110,2
13253,2019-07-19,5,610.75955,122,166,1
13255,2019-01-05,4,1423.2022000000002,12,361,1
13263,2019-09-18,18,2952.9896200000003,175,105,1
13266,2019-06-12,1,67.4706,3,203,1
13267,2019-08-23,26,17733.48544,1141,131,6
13269,2019-05-18,17,3412.26964,224,228,2
13270,2019-04-07,1,84.71000000000002,1,269,1
13280,2019-11-15,39,9075.90156,220,47,3
13284,2019-09-30,6,890.6362,18,93,2
13295,2019-06-05,5,902.6174000000001,71,210,2
13304,2019-07-15,3,809.35698,29,170,1
13305,2019-01-20,3,538.14103,7,346,1
13309,2019-12-23,22,4597.28032,51,9,1
13310,2019-10-23,12,2429.2419,138,70,3
13313,2019-07-16,3,554.09366,21,169,1
13317,2019-06-13,8,1375.55626,47,202,1
13319,2019-07-17,42,7508.15117,277,168,5
13324,2019-11-27,7,2597.3464000000004,103,35,2
13327,2019-04-19,8,958.5291800000001,28,257,1
13328,2019-11-13,10,2533.1198000000004,41,49,1
13329,2019-07-08,5,690.2993,10,177,3
13330,2019-11-17,7,1397.9064,50,45,1
13368,2019-07-28,1,166.60500000000002,35,157,1
13369,2019-07-08,11,1881.7575600000002,25,177,2
13370,2019-04-08,23,3592.3133000000003,129,268,3
13385,2019-08-30,15,3631.66192,199,124,1
13394,2019-12-16,10,1226.5954800000002,20,16,1
13396,2019-11-27,10,2583.246,26,35,2
13397,2019-07-18,4,624.9614800000002,10,167,1
13402,2019-01-30,9,1619.6179000000002,57,336,1
13405,2019-10-27,3,329.89148,8,66,1
13408,2019-11-29,42,9438.494900000002,1040,33,11
13418,2019-06-08,24,4396.2724,96,207,3
13426,2019-08-02,12,1188.6041,101,152,2
13448,2019-05-21,22,2896.23322,240,225,3
13451,2019-08-11,13,2014.91574,53,143,1
13455,2019-09-04,19,3561.3082100000006,93,119,2
13458,2019-09-18,29,4320.17068,198,105,5
13468,2019-12-12,38,9148.60496,1153,20,7
13473,2019-08-28,3,682.5496,83,126,2
13481,2019-03-16,1,15.784,1,291,1
13487,2019-07-12,3,383.72786,14,173,1
13488,2019-12-20,76,12482.21811,719,12,5
13491,2019-12-12,22,4632.1610900000005,144,20,6
13494,2019-12-06,10,1197.21356,24,26,1
13495,2019-06-05,12,2001.6951800000002,40,210,3
13496,2019-06-21,11,1623.0874000000001,142,194,2
13497,2019-03-06,8,1057.55438,24,301,1
13502,2019-09-26,1,123.67854,13,97,1
13506,2019-12-02,21,4207.47402,106,30,3
13520,2019-09-22,20,3840.36388,69,101,2
13523,2019-04-06,12,1880.0226200000002,36,270,1
13527,2019-09-08,1,65.08636,6,115,1
13531,2019-04-07,4,7542.52706,199,269,1
13534,2019-11-14,23,4280.34402,246,48,6
13538,2019-11-17,1,38.732600000000005,3,45,1
13539,2019-12-19,8,1202.34785,12,13,1
13551,2019-10-16,3,1088.5292000000002,5,77,1
13552,2019-11-17,3,351.54596,40,45,1
13564,2019-07-11,40,8279.68783,205,174,2
13565,2019-08-11,8,1043.45766,15,143,1
13569,2019-03-21,10,1923.03134,134,286,1
13576,2019-12-14,15,2370.34376,226,18,4
13579,2019-03-02,5,568.25689,9,305,1
13581,2019-12-19,5,1028.55004,15,13,1
13584,2019-12-29,16,2902.40204,35,3,2
13593,2019-08-07,12,2833.71704,171,147,2
13599,2019-09-04,17,1993.13768,32,119,5
13600,2019-12-02,13,3071.6687,23,30,1
13606,2019-12-06,3,414.6603,4,26,1
13611,2019-06-03,4,1277.7865900000002,133,212,1
13614,2019-08-28,6,621.1825,31,126,1
13615,2019-11-27,12,2224.88684,232,35,3
13627,2019-06-25,14,2126.4202400000004,62,190,1
13629,2019-12-10,5,1117.9540000000002,14,22,2
13634,2019-09-06,9,1270.54864,208,117,1
13649,2019-04-07,6,780.6297000000001,59,269,2
13652,2019-03-04,5,542.29678,20,303,1
13656,2019-07-31,9,2366.05704,68,154,1
13659,2019-10-07,32,4905.779680000001,113,86,2
13668,2019-12-19,31,5036.61797,113,13,3
13672,2019-08-19,3,291.54276,8,135,2
13680,2019-08-02,44,6934.134440000001,299,152,3
13693,2019-09-18,1,59.304880000000004,10,105,1
13694,2019-12-20,37,6645.21104,152,12,8
13700,2019-09-06,14,1439.63292,110,117,2
13703,2019-10-23,1,281.79,2,70,1
13705,2019-01-03,7,1422.7635800000003,16,363,1
13707,2019-11-20,23,4500.9698,272,42,1
13709,2019-11-21,19,2908.3167000000003,471,41,1
13715,2019-08-01,48,8223.27935,272,153,5
13725,2019-12-23,30,4919.41497,50,9,2
13728,2019-12-12,5,1103.10392,19,20,1
13742,2019-10-11,42,9678.0995,500,82,2
13747,2019-01-03,1,175.58100000000002,1,363,1
13748,2019-01-01,1,7.9632,1,365,1
13750,2019-08-02,1,9.2922,1,152,1
13754,2019-11-03,5,1016.6604000000001,89,59,1
13756,2019-06-13,8,1803.50014,46,202,3
13758,2019-08-08,18,2467.47022,60,146,3
13764,2019-07-30,29,4786.61757,98,155,2
13767,2019-08-16,37,6527.34753,206,138,9
13769,2019-10-05,21,3685.46149,100,88,4
13777,2019-12-13,47,7467.06598,80,19,10
13782,2019-09-05,22,3490.8118200000004,80,118,1
13784,2019-12-08,4,272.95812,6,24,3
13786,2019-03-23,2,568.59669,29,284,1
13787,2019-05-01,5,447.14852,8,245,1
13798,2019-10-11,67,11462.26444,348,82,7
13800,2019-12-18,23,3475.85668,60,14,1
13802,2019-12-06,11,1339.95442,48,26,2
13807,2019-03-26,4,1215.12348,12,281,1
13815,2019-10-22,31,9010.7274,85,71,2
13817,2019-07-14,2,192.6213,10,171,1
13819,2019-12-19,15,3419.75245,150,13,2
13824,2019-12-13,9,862.98158,12,19,1
13829,2019-06-12,1,20.03374,1,203,1
13831,2019-02-16,2,359.6682,3,319,1
13837,2019-10-30,5,1256.5016,120,63,1
13838,2019-02-11,35,7088.4169600000005,185,324,2
13842,2019-12-19,18,8385.829080000001,562,13,4
13846,2019-06-02,8,1487.45754,210,213,1
13848,2019-04-07,1,132.38150000000002,15,269,1
13854,2019-12-10,24,3217.15488,144,22,8
13859,2019-09-14,16,2677.19557,72,109,2
13862,2019-09-04,18,3689.0456,84,119,2
13869,2019-11-27,40,13530.6303,729,35,2
13871,2019-12-20,16,3472.04761,33,12,1
13873,2019-12-15,3,398.22278,7,17,1
13874,2019-06-22,10,1140.80989,81,193,1
13880,2019-03-23,5,1199.89,27,284,1
13881,2019-12-04,7,2250.0882800000004,25,28,1
13883,2019-09-14,1,34.91,10,109,1
13890,2019-11-03,8,1689.9701,141,59,2
13894,2019-12-13,6,838.52422,11,19,1
13898,2019-09-15,2,412.64829999999995,122,108,1
13901,2019-10-18,8,780.88076,22,75,1
13911,2019-12-27,14,3255.3226,131,5,2
13922,2019-07-14,3,402.2173,27,171,1
13929,2019-10-05,2,3152.1081999999997,157,88,2
13939,2019-12-12,10,1353.19118,14,20,2
13941,2019-02-09,9,1053.54098,17,326,2
13948,2019-05-22,2,162.82760000000002,3,224,1
13953,2019-07-13,1,14.496,1,172,1
13958,2019-01-29,4,526.3670000000001,5,337,1
13959,2019-05-10,7,1146.5034400000002,30,236,1
13963,2019-12-26,16,5336.25018,371,6,4
13969,2019-10-04,18,3582.4670800000004,251,89,2
13982,2019-09-11,30,4687.54738,180,112,2
13983,2019-09-13,18,10756.43314,561,110,3
13984,2019-09-18,4,178.09908000000001,11,105,2
13993,2019-08-27,3,579.86456,25,127,1
13999,2019-10-03,20,3457.29408,45,90,3
14001,2019-01-09,6,1265.8285799999999,63,357,1
14006,2019-12-02,4,603.54638,12,30,1
14016,2019-06-27,16,1843.9637300000002,53,188,1
14030,2019-04-10,17,5325.167380000001,322,266,2
14031,2019-09-25,21,3581.1133200000004,160,98,5
14032,2019-07-14,19,4669.394200000001,239,171,5
14037,2019-04-27,16,1682.005,71,249,1
14040,2019-11-22,38,8800.661,333,40,3
14044,2019-12-17,45,8071.487300000001,72,15,2
14045,2019-07-26,4,169.56098,8,159,2
14047,2019-08-01,4,397.03758,97,153,3
14049,2019-10-29,57,12679.01988,271,64,2
14051,2019-11-21,24,4296.5237,77,41,4
14057,2019-05-31,23,3634.4455000000003,132,215,2
14060,2019-10-28,25,4435.49099,346,65,5
14062,2019-09-28,33,5551.60012,232,95,4
14068,2019-10-11,10,2535.53244,254,82,1
14078,2019-01-09,3,2662.2845,140,357,1
14081,2019-03-02,24,5958.30743,262,305,1
14082,2019-04-25,19,2765.19826,30,251,1
14083,2019-07-10,44,8321.60116,664,175,2
14085,2019-12-18,73,13551.32318,691,14,6
14088,2019-10-03,51,10762.28518,358,90,1
14090,2019-09-20,1,21.576,1,103,1
14092,2019-10-04,26,3398.2591,194,89,4
14099,2019-09-04,34,7118.27211,383,119,2
14101,2019-09-11,1,151.89813999999998,4,112,1
14107,2019-07-07,9,1305.1208000000001,48,178,2
14113,2019-12-05,7,659.80638,43,27,4
14114,2019-08-27,5,1119.1785,15,127,1
14119,2019-07-08,1,23.9242,1,177,1
14127,2019-12-12,13,2333.9288,27,20,1
14130,2019-10-17,41,11835.79128,180,76,1
14133,2019-12-18,11,2119.38086,46,14,2
14135,2019-09-09,36,6227.896650000001,199,114,8
14142,2019-01-15,21,3983.3312400000004,40,351,1
14146,2019-11-16,31,11661.09828,579,46,2
14150,2019-06-03,6,787.76534,13,212,1
14156,2019-12-18,43,8740.84921,112,14,6
14159,2019-05-04,22,2878.62792,134,242,1
14161,2019-02-23,13,2949.73362,89,312,1
14167,2019-08-25,7,1524.3312,175,129,1
14175,2019-10-05,7,2001.5304800000001,64,88,3
14176,2019-09-09,8,560.7213,15,114,3
14180,2019-12-16,41,23767.76096,1669,16,10
14185,2019-08-24,1,134.112,12,130,1
14188,2019-12-13,8,1356.59185,57,19,1
14189,2019-10-26,26,5783.0518600000005,357,67,3
14194,2019-12-27,20,4324.59142,52,5,1
14201,2019-06-08,3,374.2026,6,207,1
14205,2019-04-17,9,1717.1880800000001,61,259,1
14206,2019-05-22,1,333.8,2,224,1
14209,2019-08-19,8,2664.80156,332,135,1
14210,2019-07-18,17,3750.09522,53,167,2
14213,2019-01-31,2,101.79348000000002,5,335,1
14215,2019-11-21,30,3803.87932,244,41,5
14217,2019-12-09,11,1092.10894,48,23,5
14220,2019-06-22,9,1060.42064,12,193,1
14221,2019-07-19,10,2471.25865,266,166,1
14224,2019-10-10,22,4273.525000000001,113,83,2
14229,2019-11-20,12,1947.7484800000002,37,42,3
14233,2019-12-11,12,2129.54158,44,21,2
14236,2019-01-31,3,300.16060000000004,23,335,1
14237,2019-01-09,6,958.08118,22,357,1
14238,2019-09-12,5,960.4246799999999,29,111,1
14239,2019-11-12,3,575.91376,139,50,1
14242,2019-09-14,5,1011.2131999999999,10,109,1
14243,2019-10-31,14,4155.251480000001,131,62,3
14248,2019-10-27,1,284.29499999999996,16,66,1
14256,2019-04-27,15,3385.5473800000004,77,249,1
14257,2019-10-19,18,4458.043540000001,116,74,1
14258,2019-07-27,10,1447.11278,78,158,1
14264,2019-01-30,1,31.280079999999998,2,336,1
14270,2019-08-22,11,2021.1485,174,132,1
14282,2019-03-21,8,1156.84568,53,286,1
14290,2019-11-12,12,3627.93096,395,50,2
14292,2019-09-14,3,467.60720000000003,7,109,1
14293,2019-03-04,5,1089.25746,40,303,1
14295,2019-08-18,2,256.6,6,136,1
14298,2019-11-29,99,17633.16883,801,33,8
14299,2019-11-11,20,3529.4354000000003,129,51,9
14307,2019-09-23,36,8819.77819,394,100,2
14309,2019-12-15,7,925.61622,39,17,3
14312,2019-12-12,9,3699.5834600000003,551,20,2
14320,2019-10-01,17,3097.9089000000004,44,92,3
14321,2019-08-14,16,2448.005,157,140,1
14329,2019-09-02,31,5126.29364,158,121,2
14334,2019-10-13,17,3682.7202700000003,135,80,2
14341,2019-11-03,12,1982.5386600000002,135,59,2
14344,2019-06-22,13,1773.4661999999998,29,193,3
14355,2019-04-13,8,1525.1685,100,263,1
14368,2019-10-12,8,1561.395,9,81,1
14373,2019-06-20,1,180.60134,4,195,1
14388,2019-04-09,10,1922.37778,250,267,2
14389,2019-10-23,1,777.9982,166,70,1
14390,2019-01-20,21,3911.2959400000004,39,346,1
14395,2019-08-11,34,4397.48966,116,143,2
14396,2019-02-08,24,5110.8157200000005,341,327,1
14401,2019-11-21,12,1991.2664100000002,39,41,2
14404,2019-09-06,23,3852.38504,62,117,2
14409,2019-10-19,11,2488.2899800000005,26,74,2
14410,2019-12-31,6,1183.1370200000001,11,1,1
14411,2019-12-11,8,697.3746699999999,14,21,1
14413,2019-05-09,5,2685.86548,107,237,1
14414,2019-06-14,4,308.72008,9,201,1
14415,2019-09-18,45,11929.0309,384,105,3
14419,2019-04-25,8,1754.03176,47,251,2
14426,2019-11-27,24,4128.5754400000005,69,35,3
14428,2019-09-18,8,1393.39198,32,105,1
14437,2019-04-11,2,201.27685000000002,5,265,1
14438,2019-12-31,5,546.93384,29,1,2
14439,2019-10-13,17,3245.3979600000002,99,80,1
14440,2019-11-06,15,5617.34379,280,56,2
14441,2019-10-03,2,53.291,3,90,2
14442,2019-12-03,20,4269.9439,251,29,3
14443,2019-12-14,16,2551.80058,156,18,3
14448,2019-05-02,8,817.4514200000001,43,244,1
14449,2019-01-25,28,7670.56887,406,341,2
14450,2019-10-06,3,1053.68428,44,87,1
14457,2019-12-11,1,1733.7496,106,21,1
14460,2019-12-12,2,386.8152,3,20,1
14462,2019-12-25,39,8472.02616,83,7,2
14466,2019-12-21,11,2052.64155,23,11,2
14467,2019-11-29,9,2903.71936,193,33,1
14472,2019-08-08,28,6596.108200000001,835,146,3
14479,2019-04-14,5,445.87068,50,262,1
14487,2019-03-13,11,1826.3170400000001,124,294,2
14491,2019-01-21,3,589.4453000000001,60,345,2
14496,2019-12-04,3,864.9774600000001,29,28,2
14497,2019-12-19,19,2878.1389799999997,154,13,1
14498,2019-05-14,6,775.3546600000001,18,232,1
14501,2019-10-12,4,1045.19,5,81,1
14502,2019-12-01,21,4988.7887200000005,57,31,3
14505,2019-08-04,94,12409.106810000001,511,150,4
14506,2019-02-27,30,6864.63652,134,308,1
14514,2019-08-25,10,1390.07806,72,129,1
14524,2019-05-23,7,1125.89318,35,223,1
14525,2019-09-11,18,2242.55084,32,112,2
14527,2019-11-29,84,18310.64467,955,33,11
14532,2019-11-22,11,2024.85806,53,40,2
14533,2019-07-13,6,1490.2000400000002,20,172,1
14534,2019-10-23,22,5659.2262,85,70,3
14540,2019-12-19,10,1569.76808,13,13,1
14541,2019-11-14,42,13900.56168,1069,48,2
14543,2019-10-20,10,2859.6521000000002,22,73,2
14544,2019-05-15,26,5126.02558,510,231,1
14548,2019-10-27,2,358.6682,3,66,1
14549,2019-12-08,29,7446.73779,445,24,1
14553,2019-07-19,6,965.0118600000001,30,166,1
14560,2019-12-21,13,2089.5293300000003,28,11,4
14565,2019-05-16,17,2263.08794,110,230,1
14572,2019-09-26,43,5618.30161,109,97,1
14573,2019-01-31,36,8334.537400000001,625,335,1
14576,2019-01-30,1,70.03945999999999,1,336,1
14577,2019-05-04,19,2793.24098,70,242,1
14587,2019-12-07,57,11285.15925,441,25,2
14589,2019-02-02,1,278.9154,35,333,1
14594,2019-01-11,25,5145.14914,61,355,2
14595,2019-11-23,5,741.2682,7,39,1
14600,2019-12-31,2,823.638,9,1,1
14606,2019-12-31,289,65959.66247,3127,1,27
14608,2019-05-11,1,12.5962,1,235,1
14616,2019-10-31,1,136.9,1,62,1
14618,2019-07-27,3,633.46055,40,158,2
14621,2019-06-16,11,3835.25782,1014,199,1
14625,2019-05-19,12,2922.68836,119,227,2
14627,2019-12-05,4,661.4102,7,27,1
14639,2019-06-20,22,3513.86996,53,195,3
14643,2019-07-12,10,1350.9426,69,173,2
14646,2019-10-02,114,23781.58189,781,91,9
14653,2019-07-23,17,2715.5844600000005,176,162,1
14657,2019-09-13,33,5908.58432,251,110,1
14659,2019-11-19,21,6095.02588,116,43,1
14662,2019-11-15,18,4288.7781,120,47,1
14665,2019-12-11,12,5835.19458,403,21,1
14667,2019-09-12,71,30200.40314,1573,111,7
14669,2019-08-19,43,7284.25872,146,135,2
14672,2019-08-06,16,2592.13528,168,148,1
14673,2019-03-21,7,1770.9791,28,286,1
14679,2019-01-31,1,158.6729,1,335,1
14680,2019-10-22,38,8617.623,577,71,7
14684,2019-05-08,24,3602.9764,265,238,1
14688,2019-11-29,38,8071.68837,124,33,6
14692,2019-10-14,18,5599.09638,48,79,2
14696,2019-09-15,26,3817.7902,96,108,3
14701,2019-11-09,38,8718.58912,277,53,1
14702,2019-11-16,41,8828.43988,308,46,4
14708,2019-05-24,8,2437.96313,67,222,2
14709,2019-11-21,17,2940.05256,103,41,3
14713,2019-09-30,49,8132.684560000001,219,93,3
14715,2019-08-24,7,578.35826,13,130,1
14723,2019-06-23,41,7751.73706,297,192,2
14729,2019-01-08,42,9213.8237,352,358,2
14732,2019-07-18,5,375.59803999999997,10,167,1
14733,2019-11-03,72,12295.009140000002,617,59,7
14735,2019-12-14,19,3202.9103400000004,209,18,3
14737,2019-07-12,2,287.08556,21,173,1
14738,2019-11-11,9,2221.48876,17,51,1
14739,2019-07-23,11,1080.46758,29,162,3
14741,2019-05-14,8,1677.84366,33,232,2
14744,2019-12-03,9,1887.92632,136,29,4
14748,2019-08-23,19,1861.85763,210,131,2
14755,2019-08-10,18,2862.45372,40,144,1
14761,2019-08-09,3,1026.6261200000001,116,145,1
14766,2019-04-18,5,878.4736000000001,10,258,3
14769,2019-09-20,33,5309.36055,80,103,3
14770,2019-09-29,9,1266.43495,139,94,2
14775,2019-01-29,9,1669.8585400000002,43,337,1
14776,2019-11-29,19,3169.5083200000004,31,33,1
14777,2019-06-20,1,73.94040000000001,2,195,1
14778,2019-12-21,15,2935.0243699999996,72,11,1
14779,2019-10-03,20,9099.28946,643,90,2
14782,2019-10-13,3,526.8747,11,80,1
14784,2019-09-26,3,266.473,12,97,1
14794,2019-08-12,5,845.51152,13,142,1
14796,2019-10-12,80,16177.74838,646,81,5
14798,2019-12-14,5,1292.9015,8,18,1
14800,2019-08-08,73,12105.548120000001,404,146,4
14805,2019-11-22,15,3187.6076,56,40,1
14810,2019-12-28,24,6919.01566,279,4,3
14813,2019-02-15,25,3140.37494,42,320,2
14821,2019-03-27,1,366.43,3,280,1
14825,2019-06-14,11,2235.91344,225,201,3
14828,2019-08-02,3,332.7046,5,152,1
14829,2019-06-12,19,5059.3963,47,203,4
14841,2019-06-13,11,2500.01776,24,202,1
14842,2019-12-27,2,192.78400000000002,2,5,1
14849,2019-11-03,31,5791.71702,219,59,5
14850,2019-12-06,12,1615.3329,30,26,2
14865,2019-01-30,1,56.3382,3,336,1
14866,2019-04-07,1,22.4495,1,269,1
14867,2019-08-07,8,1033.9316000000001,38,147,2
14871,2019-05-25,8,1035.8089200000002,35,221,1
14878,2019-06-15,6,1117.35476,16,200,1
14889,2019-08-06,7,596.1976,19,148,1
14895,2019-09-30,1,103.08,30,93,1
14896,2019-04-14,19,3913.5862,66,262,2
14898,2019-09-12,9,1773.46198,52,111,4
14901,2019-05-24,25,5083.46994,100,222,5
14907,2019-05-24,20,5214.33682,261,222,3
14911,2019-12-21,276,58290.54151,2232,11,26
14913,2019-06-09,7,1081.12936,30,206,1
14916,2019-09-24,7,2215.88928,20,99,1
14932,2019-04-13,3,905.68317,53,263,1
14944,2019-07-13,1,50.8164,2,172,1
14952,2019-04-29,7,658.75566,15,247,2
14961,2019-08-01,18,3546.91944,71,153,2
14970,2019-11-09,4,1437.06496,113,53,1
14976,2019-09-08,10,1043.79258,36,115,1
14978,2019-10-31,29,5197.6814,119,62,4
14985,2019-06-24,32,4731.43394,63,191,2
14987,2019-04-13,1,378.3612,26,263,1
15002,2019-07-20,23,3618.69652,157,165,3
15005,2019-12-13,70,12361.57988,812,19,6
15012,2019-01-09,30,6689.22509,184,357,2
15018,2019-03-20,1,313.2828,26,287,1
15021,2019-03-30,19,4318.21029,538,277,3
15023,2019-09-18,41,8885.7342,338,105,3
15024,2019-03-27,19,4918.07736,656,280,2
15028,2019-03-10,7,1110.04754,57,297,1
15032,2019-04-05,18,2158.43538,191,271,2
15033,2019-09-01,14,4345.24416,193,122,1
15034,2019-07-25,35,6823.95516,314,160,2
15038,2019-02-12,23,2796.39668,69,323,2
15039,2019-12-05,148,31711.1176,1665,27,8
15044,2019-08-16,52,9637.85424,594,138,4
15046,2019-12-12,21,4330.6435,114,20,3
15048,2019-03-07,5,1754.20127,65,300,1
15052,2019-10-17,19,3480.95382,67,76,1
15057,2019-11-16,17,3155.23036,67,46,1
15058,2019-12-03,33,6439.97028,96,29,2
15059,2019-10-06,16,2619.33134,44,87,2
15061,2019-10-27,80,18104.00138,782,66,10
15062,2019-06-11,7,453.33342,11,204,1
15070,2019-01-19,1,541.14814,103,347,1
15078,2019-10-16,30,6198.518760000001,165,77,6
15079,2019-11-20,17,4441.73906,39,42,2
15081,2019-03-26,4,549.7392199999999,10,281,1
15090,2019-12-26,15,2604.54464,32,6,2
15093,2019-07-23,17,4155.279030000001,114,162,3
15100,2019-08-30,6,967.7399200000001,15,124,6
15101,2019-08-01,4,297.44687999999996,7,153,2
15107,2019-12-09,12,1814.1550599999998,80,23,7
15110,2019-10-20,9,1990.0646000000002,719,73,1
15111,2019-01-20,9,3076.04088,777,346,1
15139,2019-08-03,4,313.51152,9,151,1
15144,2019-11-29,10,4480.91056,782,33,1
15157,2019-06-28,24,3344.43625,124,187,2
15159,2019-11-18,51,8538.83446,113,44,3
15160,2019-06-27,3,389.95815,5,188,1
15164,2019-07-18,5,509.60985000000005,24,167,1
15165,2019-01-11,12,2500.9433000000004,74,355,1
15167,2019-10-08,14,2902.09912,51,85,2
15171,2019-09-22,3,155.8228,9,101,2
15174,2019-09-30,1,596.70368,154,93,1
15179,2019-10-16,26,4192.90004,104,77,3
15180,2019-03-24,6,638.5524,6,283,1
15181,2019-05-24,2,81.83239999999999,2,222,2
15189,2019-11-29,7,1544.02286,81,33,4
15192,2019-04-19,9,1137.0247800000002,176,257,1
15194,2019-12-02,55,23676.47922,2020,30,7
15197,2019-08-22,3,76.03328,4,132,2
15199,2019-12-26,1,176.9666,3,6,1
15203,2019-12-07,6,283.67920000000004,39,25,1
15204,2019-06-27,7,408.12028000000004,11,188,1
15208,2019-07-12,1,96.06783999999999,3,173,1
15211,2019-04-20,8,1383.45373,117,256,1
15213,2019-10-22,9,807.9499599999999,28,71,2
15215,2019-11-03,2,291.34392,4,59,1
15218,2019-10-20,15,2896.74026,253,73,2
15221,2019-04-05,5,411.99490000000003,11,271,2
15222,2019-10-17,5,1011.8700000000001,7,76,1
15224,2019-06-20,9,395.88230000000004,29,195,4
15226,2019-12-12,7,921.9400600000001,10,20,1
15227,2019-11-03,5,1153.9872,17,59,1
15235,2019-12-19,34,8280.1967,557,13,6
15240,2019-12-04,11,2267.53914,25,28,2
15246,2019-06-13,6,319.83496,24,202,1
15260,2019-01-20,9,1885.55566,22,346,1
15262,2019-09-27,9,1797.6929400000001,19,96,1
15266,2019-07-23,4,725.9428,7,162,1
15270,2019-12-13,8,969.87808,25,19,1
15271,2019-07-26,16,4406.05015,264,159,2
15279,2019-07-06,7,2011.8717000000001,74,179,2
15281,2019-10-05,27,4122.64584,248,88,2
15288,2019-04-17,10,2799.1457600000003,122,259,1
15290,2019-09-04,7,678.335,23,119,3
15291,2019-10-14,13,1205.98392,93,79,6
15296,2019-09-10,30,7143.46704,211,113,2
15298,2019-09-20,17,2377.1707,182,103,4
15299,2019-01-29,1,394.54629,56,337,1
15301,2019-03-07,17,4037.11134,187,300,1
15304,2019-03-06,3,307.20374000000004,5,301,1
15311,2019-12-19,291,86901.49544,4211,13,24
15312,2019-07-07,5,762.5268699999999,27,178,2
15316,2019-09-09,1,57.92,1,114,1
15326,2019-08-14,10,1915.4674400000001,40,140,1
15329,2019-04-19,1,108.68271,22,257,1
15332,2019-04-06,17,2917.62244,231,270,2
15339,2019-10-23,32,5654.69112,70,70,1
15346,2019-08-17,7,775.16628,29,137,1
15347,2019-04-07,2,116.9762,5,269,1
15350,2019-01-10,3,637.9539,5,356,1
15351,2019-02-14,24,23632.806319999996,2160,321,2
15353,2019-03-20,4,1157.9774200000002,20,287,1
15356,2019-05-24,58,10465.08654,701,222,4
15358,2019-12-03,69,12059.25044,283,29,6
15361,2019-05-12,5,530.59032,7,234,1
15363,2019-01-22,2,1267.1708200000003,25,344,1
15365,2019-11-20,9,2155.9706,16,42,1
15366,2019-06-20,6,1380.59544,45,195,1
15370,2019-08-17,2,120.62236,8,137,1
15373,2019-10-30,16,2723.8591,229,63,4
15379,2019-09-28,62,12145.29962,477,95,6
15380,2019-04-19,1,386.4354,7,257,1
15384,2019-06-05,13,1771.06956,167,210,2
15392,2019-06-21,10,1675.30088,35,194,3
15394,2019-06-16,15,2870.62738,48,199,1
15395,2019-09-15,6,928.0785999999999,11,108,1
15415,2019-11-25,38,7676.142400000001,61,37,2
15421,2019-12-13,2,717.3542600000001,38,19,1
15422,2019-09-30,4,357.34074,6,93,2
15426,2019-03-15,33,7480.09496,440,292,3
15443,2019-10-08,24,3685.6779,68,85,1
15447,2019-08-27,5,732.4046599999999,44,127,1
15448,2019-11-27,21,5133.415800000001,54,35,1
15454,2019-05-10,11,1978.52704,113,236,1
15456,2019-06-11,12,1542.48096,30,204,1
15460,2019-07-11,33,7168.85531,274,174,2
15464,2019-07-25,68,15065.03122,839,160,2
15465,2019-10-05,11,1773.12312,88,88,4
15468,2019-05-23,1,8.6312,1,223,1
15482,2019-06-13,5,387.47610000000003,63,202,1
15485,2019-08-07,12,2822.13131,330,147,2
15497,2019-11-27,9,1852.8645800000002,14,35,2
15498,2019-10-14,85,12721.71534,511,79,7
15502,2019-03-16,22,5004.07775,395,291,2
15503,2019-05-03,39,4221.63952,397,243,1
15510,2019-08-28,1,39.1142,1,126,1
15512,2019-06-06,4,199.13412,12,209,1
15513,2019-11-08,18,5479.777120000001,386,54,5
15514,2019-05-25,52,7892.29683,526,221,3
15518,2019-10-23,28,4812.10272,152,70,2
15525,2019-01-09,36,8896.26625,417,357,1
15527,2019-11-18,17,3214.4615000000003,41,44,2
15529,2019-09-27,42,8881.35057,330,96,4
15532,2019-06-21,29,6503.82792,92,194,2
15535,2019-09-05,30,3886.6966,63,118,3
15544,2019-01-22,15,2324.2358200000003,35,344,1
15545,2019-02-10,12,4079.29608,92,325,1
15547,2019-11-19,48,8654.0263,357,43,4
15549,2019-11-22,33,9549.55332,260,40,3
15555,2019-05-15,49,6949.0383,240,231,3
15562,2019-07-14,1,92.9,1,171,1
15563,2019-06-14,6,1553.35284,26,201,1
15569,2019-08-19,1,305.1236,50,135,1
15570,2019-09-01,57,19107.83382,835,122,7
15574,2019-06-16,64,14190.35294,491,199,3
15579,2019-11-23,18,4080.5573600000002,35,39,2
15581,2019-07-11,17,3375.7360400000002,139,174,3
15587,2019-07-14,2,702.5220000000002,35,171,1
15589,2019-12-11,6,1421.8340699999999,57,21,1
15596,2019-11-08,18,3780.31556,242,54,3
15601,2019-11-14,88,19823.38732,1653,48,5
15602,2019-12-01,12,1651.5590000000002,20,31,6
15605,2019-01-10,9,2473.6922,21,356,1
15606,2019-09-22,4,475.08392999999995,14,101,1
15607,2019-08-03,6,947.2718,17,151,1
15611,2019-08-08,1,131.2682,3,146,1
15615,2019-08-30,20,4462.07684,403,124,2
15620,2019-06-19,13,1450.79854,53,196,1
15626,2019-08-30,7,1069.7236,30,124,1
15628,2019-03-27,14,2341.1499400000002,23,280,1
15640,2019-08-17,47,11557.43743,754,137,6
15641,2019-06-09,7,1437.17198,38,206,1
15646,2019-01-29,13,1945.2404400000003,37,337,1
15649,2019-08-04,2,103.58500000000001,2,150,2
15658,2019-12-18,17,6291.18882,160,14,4
15660,2019-04-11,6,692.6814800000001,15,265,1
15661,2019-11-01,5,1378.65,8,61,2
15664,2019-06-12,1,366.764,150,203,1
15673,2019-09-07,17,2507.84762,182,116,1
15680,2019-04-06,14,2678.1587900000004,75,270,1
15687,2019-12-07,22,5964.92584,430,25,2
15689,2019-05-12,2,1203.54536,182,234,1
15694,2019-12-06,12,2731.43892,85,26,5
15696,2019-11-21,28,3834.83111,59,41,5
15708,2019-11-25,47,9660.53816,551,37,4
15713,2019-05-24,5,1205.89634,21,222,2
15716,2019-02-17,22,2661.6012,76,318,2
15719,2019-12-18,95,17810.57432,796,14,3
15723,2019-04-26,22,4136.72417,85,250,1
15727,2019-08-25,37,7763.75246,750,129,2
15732,2019-01-25,4,371.05830000000003,5,341,1
15738,2019-11-28,15,2609.5548000000003,88,34,4
15749,2019-08-19,5,694.9100000000001,8,135,1
15750,2019-04-18,12,2151.9822400000003,41,258,3
15752,2019-01-17,8,1862.45099,92,349,1
15759,2019-06-20,1,135.81412,4,195,1
15769,2019-08-06,6,1049.5089600000001,36,148,3
15777,2019-10-28,6,664.7322800000002,11,65,3
15780,2019-06-26,9,1930.08524,19,189,1
15781,2019-12-31,3,835.90202,10,1,1
15789,2019-06-19,13,2440.46716,45,196,1
15797,2019-10-17,1,194.055,1,76,1
15799,2019-08-11,8,1173.40756,32,143,1
15805,2019-04-22,6,1877.3542000000002,250,254,1
15808,2019-12-30,123,27637.49433,889,2,7
15811,2019-06-28,12,1402.06472,33,187,2
15812,2019-10-29,2,384.85,2,64,1
15820,2019-10-14,9,1960.41566,137,79,2
15822,2019-06-08,6,1107.20914,86,207,1
15823,2019-07-28,9,819.12275,20,157,2
15827,2019-11-27,22,3486.2181000000005,38,35,5
15831,2019-09-24,3,1138.9696800000002,54,99,2
15834,2019-01-29,1,127.148,6,337,1
15835,2019-08-26,5,743.62796,26,128,1
15838,2019-12-10,5,595.0459000000001,19,22,3
15841,2019-07-20,5,195.32208,9,165,1
15845,2019-08-01,7,5745.5234,373,153,1
15854,2019-12-08,14,2787.04418,38,24,3
15856,2019-07-15,32,4923.249510000001,96,170,3
15858,2019-03-23,18,3697.8887799999998,107,284,1
15860,2019-03-06,10,2318.74896,179,301,1
15862,2019-01-03,40,10300.37106,332,363,1
15864,2019-12-04,8,1406.4966000000002,11,28,2
15867,2019-11-03,78,13358.43698,307,59,6
15880,2019-02-23,46,15666.152520000001,1060,312,2
15881,2019-12-04,19,4254.39719,87,28,4
15882,2019-03-13,11,2545.93542,109,294,2
15885,2019-12-19,1,32.4438,1,13,1
15889,2019-02-28,37,10270.80148,583,307,1
15894,2019-02-26,25,3803.39278,119,309,2
15898,2019-03-22,38,5021.92575,73,285,2
15899,2019-03-04,4,407.9992,9,303,1
15910,2019-11-08,28,6144.7249,302,54,1
15916,2019-08-29,27,4450.0618,76,125,4
15919,2019-03-06,24,5147.74256,401,301,1
15922,2019-01-22,6,797.69736,17,344,2
15923,2019-01-21,14,2440.32832,26,345,1
15938,2019-09-26,4,1434.5100000000002,8,97,1
15939,2019-12-07,7,1255.16868,58,25,4
15940,2019-12-10,1,20.43282,2,22,1
15945,2019-04-16,2,594.1981999999999,111,260,1
15950,2019-06-06,12,2297.9849,210,209,1
15953,2019-08-22,11,2620.30964,45,132,2
15955,2019-01-19,15,3722.49722,169,347,1
15965,2019-03-22,9,2216.7096800000004,191,285,1
15967,2019-10-20,15,3171.72632,80,73,1
15971,2019-12-10,3,372.64482,4,22,1
15973,2019-07-19,3,397.08189000000004,29,166,2
15981,2019-12-08,2,146.22562,5,24,1
15983,2019-05-26,38,6954.04432,447,220,4
15984,2019-07-22,5,720.9853099999999,18,163,2
15987,2019-03-04,3,278.59997999999996,14,303,1
15996,2019-04-09,9,1108.32346,44,267,2
15998,2019-05-09,48,9899.37062,516,237,1
16003,2019-06-07,9,1938.6186,120,208,1
16010,2019-05-07,14,3880.54512,331,239,1
16011,2019-12-09,33,6666.07894,79,23,3
16013,2019-08-02,8,578.965,15,152,5
16016,2019-04-06,33,7022.45684,482,270,3
16019,2019-11-20,9,1164.81968,37,42,3
16029,2019-12-26,31,5778.5729,142,6,9
16030,2019-12-16,21,3987.6556,45,16,1
16033,2019-09-14,50,9926.08878,493,109,4
16034,2019-08-18,2,338.358,82,136,1
16037,2019-06-13,7,1008.90685,109,202,1
16042,2019-08-19,5,618.388,14,135,3
16043,2019-10-28,8,1132.7552,24,65,1
16048,2019-01-13,5,1602.9233200000003,13,353,1
16059,2019-09-06,21,3041.3003400000002,181,117,2
16062,2019-04-27,5,713.2986000000001,7,249,1
16065,2019-04-15,39,8377.79271,110,261,2
16081,2019-03-29,14,3090.31975,216,278,1
16083,2019-05-24,8,596.4856,64,222,1
16085,2019-10-06,12,2440.62594,140,87,1
16086,2019-03-22,5,822.4624,8,285,1
16094,2019-08-01,1,35.2342,2,153,1
16098,2019-01-02,5,988.1271,13,364,1
16109,2019-12-24,3,851.5175,5,8,2
16110,2019-12-09,69,13010.70403,252,23,2
16112,2019-08-16,5,1031.2314000000001,15,138,2
16122,2019-08-17,8,1010.83707,24,137,2
16124,2019-11-14,8,1043.24256,23,48,2
16125,2019-03-26,11,1720.1115,21,281,1
16133,2019-11-15,7,1332.0029000000002,20,47,2
16134,2019-07-11,12,2652.54542,76,174,3
16138,2019-03-16,1,15.784,1,291,1
16140,2019-02-07,6,1190.8527600000002,28,328,1
16143,2019-07-07,12,3313.5118300000004,71,178,3
16145,2019-08-18,17,2546.2371700000003,63,136,4
16150,2019-08-01,14,2590.7581600000003,98,153,2
16153,2019-07-05,7,1275.1364,11,180,1
16156,2019-12-12,13,2107.52868,20,20,1
16161,2019-12-10,64,11745.34463,341,22,7
16163,2019-04-20,4,166.32618,5,256,1
16168,2019-10-16,3,578.2384000000001,70,77,2
16186,2019-01-25,2,925.83961,50,341,1
16191,2019-12-03,15,1705.43272,53,29,9
16202,2019-05-22,7,934.17744,27,224,1
16203,2019-08-18,11,1804.92,22,136,2
16206,2019-09-05,11,1869.26488,117,118,1
16210,2019-12-15,20,4382.333320000001,65,17,6
16218,2019-01-04,17,4166.47286,40,362,2
16221,2019-03-21,4,1256.91446,199,286,1
16222,2019-10-26,71,12996.7011,336,67,2
16233,2019-08-30,6,764.4938000000001,24,124,4
16235,2019-09-04,7,970.9304999999999,10,119,2
16241,2019-07-19,30,7105.03085,324,166,3
16244,2019-01-20,28,6221.29763,90,346,2
16250,2019-01-02,8,2281.19164,20,364,1
16252,2019-04-10,12,1884.8395400000002,29,266,2
16255,2019-07-17,24,5085.824500000001,104,168,2
16262,2019-05-24,2,747.3000000000001,7,222,1
16265,2019-04-24,10,3269.9635200000002,143,252,1
16270,2019-07-12,23,4961.18886,303,173,1
16271,2019-06-20,4,786.6314199999999,21,195,1
16274,2019-01-13,32,7653.70347,469,353,1
16279,2019-08-13,2,201.83620000000002,3,141,1
16282,2019-07-17,8,904.1778,17,168,1
16293,2019-03-24,7,741.9093,16,283,1
16303,2019-08-15,14,2679.1498,114,139,1
16306,2019-08-01,7,543.65378,19,153,2
16315,2019-08-27,4,316.4946,16,127,1
16316,2019-07-22,17,2496.75076,27,163,2
16321,2019-09-27,2,290.36809999999997,58,96,1
16326,2019-11-22,14,2224.91044,70,40,3
16327,2019-11-17,54,10244.8235,195,45,3
16333,2019-12-16,1,648.7645,6,16,1
16350,2019-08-13,13,1154.9057400000002,29,141,2
16351,2019-08-17,2,388.71856,10,137,1
16353,2019-12-20,9,1005.82996,21,12,7
16359,2019-09-04,4,99.30766,5,119,2
16365,2019-06-09,6,458.46614,14,206,2
16367,2019-05-06,14,1655.68488,40,240,1
16378,2019-12-12,9,1784.4587000000001,18,20,1
16385,2019-04-04,9,1047.90696,42,272,2
16387,2019-10-02,2,54.645779999999995,4,91,1
16393,2019-05-06,13,1562.40404,202,240,4
16395,2019-09-26,39,6836.6705600000005,215,97,2
16401,2019-09-05,10,896.51658,23,118,1
16402,2019-02-24,27,7317.126180000001,163,311,2
16403,2019-11-30,3,923.75348,36,32,1
16405,2019-12-15,1,57.86748,4,17,1
16407,2019-11-30,10,1463.51648,23,32,1
16409,2019-11-03,30,5260.88268,118,59,2
16411,2019-02-23,10,1046.95512,77,312,1
16419,2019-12-06,7,1045.72059,28,26,1
16422,2019-12-07,27,5291.52688,503,25,9
16424,2019-07-28,1,18.5434,1,157,1
16442,2019-05-23,29,5583.29998,58,223,2
16455,2019-05-21,13,1937.979,138,225,2
16456,2019-12-28,42,8745.72765,264,4,2
16458,2019-05-24,5,567.98764,72,222,1
16470,2019-06-14,20,2785.26734,130,201,1
16473,2019-08-02,4,435.33968000000004,57,152,1
16477,2019-10-11,30,5192.578240000001,129,82,3
16493,2019-08-30,1,150.042,7,124,1
16496,2019-11-05,31,6415.2972,74,57,1
16497,2019-10-27,10,3392.8772,332,66,2
16499,2019-06-01,13,2265.13988,43,214,5
16500,2019-08-26,1,15.062399999999998,1,128,1
16503,2019-08-28,26,5090.2852,322,126,3
16510,2019-01-24,10,2222.35696,22,342,2
16515,2019-12-07,16,2716.5110400000003,139,25,1
16519,2019-04-18,1,109.69955999999999,6,258,1
16520,2019-04-16,32,8346.75049,184,260,2
16523,2019-11-18,18,2011.37352,47,44,2
16525,2019-12-29,27,3717.53107,43,3,5
16531,2019-10-23,9,1505.46466,83,70,2
16532,2019-07-21,1,17.151,1,164,1
16539,2019-06-20,14,3927.3919800000003,123,195,2
16546,2019-01-29,11,1820.40568,18,337,2
16549,2019-08-10,15,1798.2830800000002,68,144,1
16550,2019-03-14,22,3877.53189,155,293,2
16551,2019-08-02,8,733.01548,20,152,1
16552,2019-01-07,4,524.15922,7,359,1
16553,2019-05-31,5,7489.20828,265,215,2
16554,2019-08-23,1,598.1178,29,131,1
16556,2019-05-30,9,1557.6194,25,216,1
16558,2019-10-12,28,4139.42116,108,81,4
16560,2019-06-19,10,2358.3900000000003,158,196,1
16565,2019-05-01,2,105.5484,11,245,1
16567,2019-08-01,14,2393.5398800000003,36,153,1
16570,2019-12-04,11,2046.01446,30,28,3
16579,2019-04-19,1,280.731,5,257,1
16583,2019-01-05,5,2188.8996399999996,708,361,1
16593,2019-09-05,1,8.249,1,118,1
16596,2019-04-10,3,101.0341,16,266,1
16600,2019-07-21,1,1077.75928,289,164,1
16607,2019-06-28,8,837.57506,37,187,3
16612,2019-12-05,14,2956.89185,88,27,1
16618,2019-10-03,24,5535.12488,59,90,2
16634,2019-01-30,6,1199.6819,10,336,1
16638,2019-09-02,3,323.47697999999997,50,121,3
16654,2019-03-16,5,813.4316,27,291,1
16655,2019-08-22,13,2551.3472,419,132,1
16656,2019-11-03,6,193.6237,19,59,4
16658,2019-03-14,7,1044.59814,11,293,1
16660,2019-10-14,1,43.57258,6,79,1
16665,2019-05-10,5,1113.1362400000003,69,236,1
16670,2019-09-14,25,4086.58308,277,109,4
16676,2019-07-28,8,1022.98482,50,157,1
16679,2019-04-05,1,105.63174000000001,5,271,1
16684,2019-12-17,33,6195.419540000001,134,15,4
16686,2019-07-04,51,9219.744120000001,123,181,2
16700,2019-11-09,24,4697.4698,83,53,3
16701,2019-08-22,9,1538.06868,28,132,3
16705,2019-12-08,28,3600.4307200000003,313,24,4
16710,2019-05-31,28,5043.11735,330,215,2
16711,2019-06-27,1,21.3282,1,188,1
16713,2019-07-07,49,9897.75789,566,178,3
16714,2019-11-01,47,11607.26236,233,61,1
16716,2019-12-10,1,46.90792,1,22,1
16717,2019-12-13,8,1333.10374,52,19,2
16718,2019-02-22,28,5000.665260000001,68,313,2
16719,2019-07-21,34,6719.99814,236,164,4
16722,2019-05-24,22,2722.48475,49,222,3
16725,2019-12-26,67,12736.880060000001,851,6,5
16726,2019-05-16,8,882.1792,97,230,1
16727,2019-04-30,21,4069.1586800000005,245,246,1
16730,2019-10-16,9,3388.5763,23,77,1
16735,2019-08-10,26,3648.7664400000003,139,144,2
16743,2019-06-15,13,2832.99773,184,200,1
16745,2019-12-30,28,5991.65896,90,2,2
16746,2019-09-05,27,3339.3325,74,118,3
16748,2019-12-19,9,2089.7149400000003,56,13,2
16752,2019-01-21,4,1060.77894,16,345,1
16754,2019-01-30,2,164.5906,2,336,1
16755,2019-11-17,7,1786.3599600000002,22,45,1
16757,2019-10-20,6,998.7561400000001,10,73,1
16767,2019-11-10,26,6906.03762,100,52,1
16770,2019-11-24,45,9875.85326,127,38,3
16771,2019-12-13,57,11887.739660000001,377,19,2
16775,2019-08-29,19,2992.2850000000003,42,125,2
16779,2019-12-10,36,6392.67424,456,22,7
16781,2019-04-19,14,2251.07268,23,257,2
16782,2019-11-06,61,10891.56417,1376,56,7
16791,2019-08-21,17,3675.67666,78,133,1
16795,2019-04-18,32,5565.20711,284,258,2
16805,2019-05-31,31,4096.785080000001,207,215,1
16810,2019-05-23,1,35.5944,1,223,1
16812,2019-05-26,7,2028.59912,52,220,1
16814,2019-12-16,36,8621.618050000001,318,16,7
16816,2019-11-26,16,2976.3204,24,36,3
16817,2019-06-02,13,1955.69214,94,213,3
16833,2019-08-10,8,1583.82456,67,144,1
16835,2019-01-16,1,285.08371999999997,12,350,1
16839,2019-11-27,10,1864.56771,53,35,5
16843,2019-09-07,8,1757.3725600000002,99,116,2
16850,2019-08-14,13,1680.59554,28,140,1
16858,2019-04-07,2,691.0129400000001,14,269,2
16861,2019-03-16,1,40.907700000000006,10,291,1
16863,2019-05-22,5,1344.80922,297,224,2
16873,2019-07-09,43,3704.39258,200,176,2
16875,2019-08-17,17,2425.61904,113,137,2
16882,2019-11-04,1,267.8,2,58,1
16883,2019-02-01,11,2568.49308,22,334,1
16885,2019-06-29,23,3851.29938,190,186,1
16889,2019-08-02,20,5321.1003,979,152,1
16891,2019-02-02,37,8777.65378,372,333,2
16892,2019-09-28,1,47.23855999999999,4,95,1
16893,2019-03-30,31,3854.53888,98,277,2
16897,2019-11-22,19,3981.09232,34,40,1
16898,2019-04-18,11,3651.21094,127,258,2
16899,2019-05-30,9,881.27764,21,216,1
16904,2019-09-21,44,6744.5953,234,102,2
16905,2019-02-01,5,1069.6060000000002,28,334,1
16907,2019-04-20,19,4024.55884,469,256,1
16912,2019-09-30,5,1033.81324,30,93,1
16916,2019-01-23,23,3706.49226,110,343,1
16918,2019-11-04,10,2613.1374000000005,108,58,2
16919,2019-05-31,34,8089.2772,969,215,2
16923,2019-11-22,59,16290.335420000001,1052,40,5
16926,2019-02-04,6,640.70312,17,331,1
16927,2019-05-15,1,39.8942,9,231,1
16928,2019-10-03,5,1703.30472,94,90,2
16931,2019-10-07,54,12368.52893,388,86,4
16938,2019-12-21,9,2168.1843,21,11,2
16943,2019-10-26,10,1629.4584,25,67,1
16945,2019-06-22,7,1506.9146,32,193,1
16948,2019-09-15,4,628.5715,57,108,1
16949,2019-11-08,4,931.9382,8,54,1
16950,2019-03-24,2,187.305,4,283,1
16954,2019-06-03,5,418.1947,42,212,1
16955,2019-08-06,12,1456.83886,20,148,4
16983,2019-10-11,10,1329.60274,42,82,2
16985,2019-12-12,17,4152.16436,543,20,3
16992,2019-12-14,2,49.36714,4,18,1
16995,2019-01-30,1,27.1854,1,336,1
16996,2019-07-13,4,394.86234,35,172,3
16997,2019-12-19,5,706.6298800000001,22,13,2
17001,2019-10-17,18,1898.26646,153,76,2
17007,2019-07-12,8,1356.3891999999998,185,173,2
17017,2019-06-01,42,7774.88281,253,214,5
17018,2019-09-14,5,697.6221400000001,7,109,1
17019,2019-08-27,46,8839.12125,170,127,3
17025,2019-01-14,5,1243.3789000000002,10,352,2
17026,2019-02-20,3,173.74040000000002,3,315,1
17027,2019-11-01,18,3886.5398800000003,55,61,1
17033,2019-06-07,4,406.81882,8,208,1
17035,2019-12-07,8,1767.5068,27,25,2
17041,2019-05-24,4,757.0038,22,222,1
17044,2019-06-12,1,69.53414000000001,3,203,1
17048,2019-10-05,7,1337.8921,23,88,2
17059,2019-02-18,69,9708.23974,153,317,2
17062,2019-11-22,34,6990.63208,266,40,5
17064,2019-09-07,9,3788.1339799999996,349,116,1
17068,2019-11-29,38,7095.033420000001,104,33,5
17069,2019-07-14,14,2676.46576,51,171,3
17071,2019-12-15,8,1412.02294,19,17,1
17075,2019-10-31,6,456.1498,22,62,1
17076,2019-04-23,5,1170.30618,11,253,1
17082,2019-10-27,11,562.9120800000001,58,66,2
17085,2019-07-06,39,6635.69974,552,179,3
17090,2019-07-08,2,106.24620000000002,2,177,1
17091,2019-10-23,20,4163.96868,111,70,3
17094,2019-10-27,8,1990.74816,97,66,2
17095,2019-08-22,5,829.3100800000001,18,132,2
17097,2019-09-23,29,6528.44736,158,100,4
17105,2019-12-30,27,5126.24919,64,2,1
17114,2019-08-08,11,2903.2498,119,146,1
17118,2019-10-30,7,1943.7512000000002,135,63,1
17126,2019-05-05,28,7372.20858,328,241,2
17128,2019-08-09,6,1101.19936,157,145,1
17135,2019-01-31,6,1548.8283000000001,14,335,1
17146,2019-06-15,6,2407.12198,210,200,1
17147,2019-12-04,8,877.33948,49,28,1
17158,2019-05-29,16,2266.29876,26,217,2
17179,2019-05-17,8,2157.71828,164,229,1
17180,2019-11-16,32,6304.74312,202,46,2
17181,2019-01-07,2,374.2782,3,359,1
17188,2019-11-20,27,3748.9757,192,42,5
17189,2019-06-12,19,4498.68384,359,203,1
17191,2019-03-16,36,8707.75056,401,291,2
17194,2019-05-25,13,1673.87544,141,221,2
17198,2019-04-17,44,10785.48594,966,259,3
17204,2019-07-06,3,399.70000000000005,3,179,1
17211,2019-07-12,25,5265.432040000001,385,173,3
17213,2019-11-11,20,4032.6530800000005,134,51,5
17214,2019-12-19,15,1968.0448400000002,46,13,2
17218,2019-08-11,59,8474.54981,231,143,4
17220,2019-11-28,38,8286.6054,190,34,3
17223,2019-12-14,27,8869.87976,905,18,2
17226,2019-12-22,13,2551.3179400000004,175,10,1
17227,2019-03-05,3,340.9597,14,302,1
17228,2019-12-06,25,4397.2253200000005,68,26,5
17230,2019-12-12,39,6452.32806,101,20,4
17231,2019-09-26,36,7508.190799999999,461,97,4
17235,2019-01-23,7,2046.6148,14,343,1
17236,2019-10-23,15,2760.96904,254,70,2
17238,2019-10-04,51,10946.228710000001,280,89,3
17239,2019-11-27,14,2739.0137600000003,26,35,2
17243,2019-10-05,36,6510.934480000001,107,88,5
17251,2019-05-03,22,2245.59252,277,243,1
17256,2019-12-01,7,1042.2765,20,31,1
17259,2019-03-11,32,6560.44444,152,296,2
17262,2019-04-05,1,23.3521,3,271,1
17277,2019-10-03,29,4786.68806,231,90,1
17284,2019-08-05,49,7350.985360000001,322,149,2
17287,2019-03-21,9,2288.4392,126,286,2
17288,2019-09-11,5,1530.2988,53,112,2
17291,2019-12-24,1,139.93,1,8,1
17293,2019-12-27,15,2433.57749,50,5,2
17303,2019-05-16,21,3132.54116,86,230,1
17306,2019-11-03,5,210.03470000000002,9,59,3
17307,2019-04-19,1,28.6442,1,257,1
17311,2019-11-07,19,4064.3382,31,55,1
17314,2019-12-04,15,3753.81308,71,28,2
17315,2019-12-26,51,9168.19551,358,6,8
17320,2019-03-18,11,1994.79832,116,289,1
17324,2019-08-22,7,1642.0088400000002,632,132,2
17329,2019-11-21,9,2876.261,31,41,1
17334,2019-12-20,7,1584.45262,15,12,1
17337,2019-12-15,139,37935.25831,1448,17,2
17338,2019-08-24,56,7911.04514,422,130,3
17339,2019-04-18,1,50.432,8,258,1
17340,2019-07-11,61,12129.039470000002,502,174,4
17341,2019-04-03,65,13414.584990000001,768,273,2
17343,2019-07-05,8,1294.1808800000001,117,180,1
17346,2019-06-05,21,3683.79016,185,210,3
17356,2019-12-05,14,2077.0063,21,27,1
17358,2019-07-03,26,5312.585400000001,59,182,2
17362,2019-12-16,6,910.77752,14,16,1
17364,2019-09-30,16,2368.54628,68,93,2
17365,2019-08-18,29,5001.4444,770,136,1
17368,2019-10-27,22,3137.74858,73,66,3
17371,2019-05-19,4,1313.5808000000002,15,227,1
17372,2019-11-03,39,9315.09638,259,59,4
17373,2019-11-28,9,2136.84596,46,34,1
17375,2019-12-03,25,4261.3712000000005,109,29,2
17376,2019-12-09,5,675.45094,18,23,1
17377,2019-06-29,28,4549.98124,133,186,5
17381,2019-12-22,14,2925.9791800000003,28,10,4
17389,2019-12-03,14,2947.63044,138,29,7
17392,2019-12-28,34,7820.6840600000005,98,4,2
17396,2019-01-31,2,46.0146,3,335,1
17400,2019-07-13,17,7650.397369999999,305,172,1
17402,2019-09-02,13,2451.20966,214,121,3
17404,2019-11-17,33,4936.77526,101,45,5
17406,2019-08-28,47,8237.85484,573,126,4
17411,2019-04-13,2,183.16970000000003,16,263,1
17412,2019-06-22,14,2211.68086,79,193,2
17418,2019-09-27,7,1176.2717,45,96,1
17419,2019-09-20,18,2338.35118,54,103,2
17420,2019-01-02,5,650.5532000000001,8,364,1
17428,2019-08-17,20,2647.76988,89,137,5
17430,2019-04-15,3,1382.4500000000003,10,261,1
17431,2019-11-25,26,7123.26896,164,37,1
17442,2019-04-19,1,249.5259,7,257,1
17446,2019-12-13,3,928.7266500000001,9,19,1
17449,2019-06-05,38,7382.272910000001,886,210,2
17450,2019-08-17,23,3364.4397,267,137,3
17454,2019-06-04,7,1122.8302500000002,13,211,1
17456,2019-04-19,7,1064.7045500000002,71,257,1
17457,2019-12-20,5,823.9662000000001,10,12,2
17460,2019-10-26,6,585.6802,12,67,3
17463,2019-11-26,57,11252.83782,186,36,1
17470,2019-03-19,6,1372.5018,14,288,1
17491,2019-09-15,7,365.01508,21,108,2
17496,2019-06-12,4,331.23118,11,203,1
17504,2019-10-01,14,2458.8977200000004,42,92,1
17507,2019-12-20,33,6018.5599,57,12,2
17511,2019-12-10,106,19989.91866,847,22,11
17515,2019-10-26,14,3063.1984,106,67,1
17517,2019-12-22,8,980.04604,12,10,2
17519,2019-05-22,9,2007.58174,106,224,2
17524,2019-05-17,1,281.5288,97,229,1
17525,2019-06-06,4,463.71328000000005,14,209,1
17526,2019-05-23,6,633.98745,19,223,2
17530,2019-04-22,29,6114.073710000001,249,254,2
17540,2019-11-12,2,406.23999999999995,39,50,1
17547,2019-01-25,2,173.92849999999999,2,341,1
17548,2019-01-03,4,632.2849,10,363,1
17551,2019-06-09,17,3091.37282,457,206,1
17552,2019-01-31,2,1342.2324199999998,162,335,1
17555,2019-08-09,23,4172.8762400000005,186,145,1
17560,2019-12-12,2,182.02840999999998,4,20,1
17567,2019-01-26,6,2774.53885,107,340,1
17569,2019-08-21,14,2028.11524,40,133,2
17572,2019-01-09,2,472.42692,23,357,1
17576,2019-09-19,25,7150.439600000001,312,104,5
17580,2019-11-30,26,5056.95564,91,32,2
17581,2019-08-31,39,5735.57734,105,123,4
17585,2019-07-24,17,3589.85342,709,161,1
17591,2019-11-03,42,6767.22968,133,59,4
17593,2019-07-13,11,995.40424,35,172,1
17596,2019-03-08,28,5040.0517500000005,338,299,1
17602,2019-09-25,56,12508.808140000001,409,98,1
17604,2019-12-02,19,3916.08998,35,30,2
17609,2019-09-07,33,7485.74312,442,116,1
17611,2019-10-09,104,18841.35652,458,84,4
17616,2019-03-19,1,137.4,1,288,1
17618,2019-05-11,22,2967.72012,175,235,1
17619,2019-12-01,46,6342.57682,285,31,1
17621,2019-11-29,12,2603.7249200000006,25,33,2
17629,2019-08-17,9,1311.55112,16,137,2
17633,2019-06-12,1,19.20774,1,203,1
17634,2019-07-28,24,4827.59995,465,157,1
17643,2019-01-12,4,679.1295,9,354,1
17644,2019-10-05,1,20.43258,1,88,1
17646,2019-04-18,5,1073.6776100000002,91,258,1
17655,2019-06-20,5,329.8168,16,195,2
17659,2019-06-21,6,1816.3779399999999,239,194,2
17671,2019-04-18,1,449.3819,36,258,1
17672,2019-12-18,19,5210.92272,55,14,1
17673,2019-10-11,38,8306.1308,71,82,2
17674,2019-03-04,5,488.78754000000004,14,303,1
17675,2019-12-04,26,5300.507860000001,267,28,5
17676,2019-04-05,3,1458.55512,52,271,1
17677,2019-10-23,28,3668.28578,132,70,5
17682,2019-03-13,6,1398.0692399999998,182,294,1
17685,2019-12-27,22,3600.0950000000003,143,5,4
17690,2019-09-11,38,7682.97406,564,112,4
17691,2019-06-21,6,647.98448,40,194,2
17692,2019-06-08,15,3006.16589,44,207,1
17696,2019-08-01,4,1195.36696,9,153,2
17700,2019-04-19,2,59.380579999999995,3,257,1
17702,2019-04-17,3,648.787,57,259,1
17706,2019-03-29,18,2593.6129,165,278,1
17707,2019-08-04,1,43.398720000000004,3,150,1
17708,2019-09-20,16,3104.60002,492,103,1
17714,2019-10-05,6,583.31998,12,88,1
17720,2019-03-20,1,64.3082,1,287,1
17722,2019-11-03,49,6663.970450000001,146,59,6
17730,2019-10-23,6,1315.0119,286,70,2
17732,2019-01-17,11,2161.41538,127,349,1
17735,2019-10-30,28,7643.145700000001,163,63,2
17739,2019-08-16,2,769.2334000000001,177,138,2
17742,2019-08-17,8,1331.9384400000001,108,137,1
17744,2019-09-30,17,2818.8535,93,93,5
17752,2019-06-12,1,179.8,2,203,1
17757,2019-11-14,56,10026.36534,538,48,7
17760,2019-01-13,7,997.5545,14,353,1
17769,2019-10-06,23,4535.09298,269,87,1
17771,2019-09-28,9,2026.74524,29,95,1
17786,2019-11-02,10,2403.1875600000003,180,60,1
17787,2019-09-27,41,7803.88338,113,96,3
17790,2019-06-25,15,2131.99109,46,190,3
17796,2019-11-23,46,10536.617320000001,108,39,4
17799,2019-10-14,60,10611.030060000001,458,79,4
17800,2019-08-10,7,698.30342,76,144,1
17802,2019-01-24,5,966.92304,39,342,1
17809,2019-02-04,3,934.83628,178,331,2
17811,2019-12-11,76,14705.975890000002,428,21,5
17812,2019-03-18,11,1967.59022,42,289,2
17816,2019-04-18,2,2118.36186,96,258,1
17819,2019-05-08,4,1505.6634000000001,16,238,2
17820,2019-06-12,1,387.92313999999993,61,203,1
17827,2019-04-26,51,8747.50404,403,250,4
17838,2019-04-20,16,5125.53674,96,256,3
17841,2019-12-14,263,55368.08922,2626,18,20
17848,2019-12-15,5,292.18530000000004,31,17,3
17849,2019-08-14,2,1453.78272,24,140,1
17850,2019-01-26,177,40489.88124,1133,340,10
17855,2019-01-17,9,1719.4436,45,349,1
17857,2019-06-20,4,544.11688,7,195,2
17858,2019-10-10,28,4936.44212,893,83,4
17860,2019-03-09,30,3702.10867,109,298,1
17861,2019-10-13,6,972.8764000000001,12,80,1
17862,2019-09-27,8,1023.26844,13,96,1
17863,2019-12-11,23,4330.30776,53,21,2
17865,2019-06-28,23,5541.0913,213,187,2
17869,2019-03-19,6,832.88139,17,288,1
17870,2019-03-27,1,53.5882,1,280,1
17873,2019-01-12,4,1183.90266,41,354,1
17880,2019-04-24,10,2099.63655,46,252,1
17884,2019-12-05,54,9729.02968,241,27,4
17888,2019-10-31,7,1078.40648,67,62,2
17889,2019-10-05,9,1167.50736,15,88,1
17890,2019-10-02,40,8505.492540000001,431,91,3
17894,2019-11-30,56,11250.15594,284,32,6
17897,2019-03-26,33,6913.94876,208,281,3
17905,2019-07-14,10,1983.93812,42,171,2
17908,2019-01-04,32,6454.49952,192,362,1
17912,2019-12-13,19,1950.3926000000001,153,19,6
17913,2019-06-30,12,1227.89511,60,185,1
17917,2019-05-07,17,3069.3194000000003,47,239,2
17920,2019-11-21,64,12815.517520000001,939,41,4
17924,2019-07-07,4,313.4839,5,178,3
17925,2019-01-17,1,29.6162,1,349,1
17929,2019-12-21,2,263.37760000000003,2,11,1
17937,2019-05-18,11,1195.19036,27,228,3
17949,2019-07-26,2,79.79296000000001,3,159,2
17950,2019-04-19,19,7515.98221,208,257,1
17951,2019-07-08,8,983.5497,60,177,3
17954,2019-09-03,39,7268.1170600000005,175,120,3
17961,2019-12-13,29,11750.38731,398,19,7
17964,2019-01-23,23,5044.1696600000005,88,343,1
17965,2019-11-19,45,5554.08483,224,43,4
17967,2019-02-01,26,5282.52264,328,334,1
17968,2019-01-06,31,9658.84865,1202,360,1
17969,2019-05-19,3,157.37572,8,227,1
17975,2019-12-12,35,13901.9152,1397,20,4
17976,2019-01-24,33,6117.99492,165,342,1
17978,2019-04-17,4,671.38808,20,259,1
17980,2019-06-11,7,728.4539199999999,26,204,1
17988,2019-09-11,11,1905.73878,53,112,2
17990,2019-07-12,8,1081.72654,35,173,2
17999,2019-04-07,17,4571.40105,295,269,1
18004,2019-05-10,18,3436.2962,386,236,2
18008,2019-10-22,5,546.3616000000001,44,71,1
18011,2019-01-16,13,1939.8174000000001,34,350,1
18016,2019-11-21,23,3137.8854,111,41,2
18017,2019-12-13,1,29.5808,1,19,1
18032,2019-08-11,3,66.35816,5,143,1
18037,2019-10-04,7,569.1144,43,89,2
18041,2019-12-13,95,17369.71844,716,19,6
18043,2019-03-31,28,5288.99061,292,276,1
18044,2019-05-25,3,940.4764,8,221,1
18050,2019-06-09,5,786.99858,105,206,1
18055,2019-12-05,50,10344.06271,242,27,5
18061,2019-10-01,6,1338.4595800000002,13,92,2
18062,2019-07-26,3,141.45146,5,159,1
18065,2019-06-20,17,1989.8571200000001,28,195,3
18069,2019-09-06,33,5706.31882,220,117,1
18071,2019-04-12,4,715.12988,73,264,1
18074,2019-01-02,12,2039.0309000000002,15,364,1
18075,2019-11-16,19,3340.29766,122,46,4
18077,2019-10-19,32,5699.995440000001,541,74,5
18085,2019-08-29,15,2482.65808,94,125,2
18092,2019-08-29,12,1825.7740000000001,35,125,4
18095,2019-11-29,12,1510.5189200000002,93,33,2
18097,2019-07-16,11,1683.2369,23,169,2
18102,2019-04-17,14,2322.17994,40,259,3
18106,2019-08-31,19,3180.54088,160,123,1
18109,2019-09-17,33,4036.089,114,106,6
18113,2019-03-08,1,139.07459999999998,13,299,1
18116,2019-07-16,77,12355.982160000001,374,169,6
18118,2019-09-16,120,24022.277850000002,1230,107,5
18119,2019-03-21,12,1973.3646,151,286,2
18125,2019-11-13,45,11438.40168,165,49,2
18136,2019-10-14,10,1846.55636,31,79,1
18141,2019-05-23,1,41.8484,2,223,1
18144,2019-10-21,5,674.94872,17,72,3
18145,2019-11-28,24,4641.61592,259,34,1
18156,2019-02-17,34,3986.3318600000002,151,318,1
18161,2019-10-13,8,929.51952,19,80,1
18168,2019-06-05,29,4533.3843400000005,123,210,3
18171,2019-08-13,9,1424.13824,16,141,1
18176,2019-07-12,13,3062.10261,232,173,2
18178,2019-12-19,15,3378.69016,43,13,2
18179,2019-09-12,13,1912.01126,63,111,2
18190,2019-09-18,6,511.11566000000005,15,105,2
18193,2019-04-06,1,15.420799999999998,3,270,1
18198,2019-12-11,15,2459.59038,54,21,2
18202,2019-12-08,17,4763.7456,457,24,1
18212,2019-09-14,21,3202.50968,327,109,1
18219,2019-05-26,12,1289.4130799999998,97,220,2
18223,2019-10-05,32,4586.47868,149,88,5
18225,2019-04-19,2,123.51650000000001,38,257,2
18226,2019-08-23,11,1295.11776,55,131,2
18229,2019-08-30,13,2743.12564,40,124,3
18230,2019-06-12,2,143.01774,2,203,2
18233,2019-09-14,1,82.615,50,109,1
18239,2019-11-27,27,6928.03416,140,35,3
18245,2019-11-28,30,8420.28844,86,34,3
18250,2019-12-13,6,2520.7547999999997,117,19,1
18256,2019-07-05,2,83.3536,4,180,1
18259,2019-04-05,3,860.686,46,271,1
18260,2019-10-05,19,3016.54372,141,88,3
18269,2019-06-20,2,166.9075,10,195,2
18277,2019-10-23,1,333.8,2,70,1
18283,2019-10-10,53,7356.85141,155,83,2
