customer_id,total_invoice,total_quantity,cant_products,freq_purchase,cant_transactions,cant_categories,cant_coupons,cant_coupons_used
12346,174.98174,3,2,1,1,2,2,2
12347,15655.725960000002,340,41,3,31,9,12,20
12348,1689.5559400000002,209,21,2,8,6,10,11
12350,1467.43528,21,11,1,11,4,4,6
12356,2007.429,56,33,1,13,7,6,11
12359,784.0332,86,16,1,3,3,3,2
12370,8031.29582,612,61,2,44,9,12,20
12373,595.56606,22,13,1,5,3,3,3
12377,11128.91166,420,54,2,36,8,11,21
12383,5625.13156,183,49,4,39,9,15,21
12386,680.40158,15,10,2,6,4,5,6
12388,909.8165,25,18,1,10,8,7,1
12393,2397.5043800000003,119,17,2,13,7,7,9
12395,1721.25164,61,30,3,14,6,9,9
12402,676.1233,17,11,1,6,4,4,6
12410,2725.0742,67,23,1,14,7,7,4
12413,3434.5452600000003,259,21,2,10,5,6,12
12414,697.9715,7,6,2,6,5,5,1
12415,3294.23923,169,38,3,24,8,8,14
12417,2024.68804,157,28,3,15,7,11,11
12421,2075.89838,17,10,1,6,5,5,8
12422,1007.21776,101,11,2,9,5,4,5
12423,882.5946600000001,17,15,1,8,5,5,7
12427,1534.11808,170,13,2,3,6,6,6
12429,2914.1522800000002,133,17,1,10,5,5,6
12431,6171.70308,57,24,5,32,7,11,14
12433,18846.25024,1485,96,3,55,9,8,46
12434,50.7776,15,3,1,1,2,2,2
12437,2755.16638,26,15,3,14,5,7,3
12441,1653.77868,16,7,2,11,3,3,7
12451,10932.28554,799,61,1,57,10,9,34
12464,1096.3022,10,5,1,6,3,3,3
12468,1560.9924400000002,26,10,1,7,6,6,3
12471,15501.04045,278,72,11,70,10,19,40
12472,13278.7047,507,78,3,66,12,16,52
12474,7314.63474,225,20,6,27,5,10,15
12476,3435.4610000000002,302,21,2,13,8,7,10
12477,254.23685,2,2,1,2,2,2,1
12480,1660.05236,50,38,1,14,8,7,15
12481,10856.093700000001,757,39,4,13,8,12,13
12483,1161.5919800000001,27,14,1,6,5,5,2
12484,6373.69994,428,73,1,35,10,9,38
12489,736.8859600000001,46,12,1,6,6,6,4
12490,3189.99672,61,36,1,22,10,9,15
12494,486.76556999999997,9,7,4,5,5,7,4
12500,102.48740000000001,5,5,1,3,1,1,3
12501,11656.62918,606,98,3,71,11,10,44
12502,5125.2886100000005,117,18,1,21,5,5,14
12503,17.161500000000004,1,1,1,1,1,1,0
12510,1496.21764,216,24,1,12,8,7,9
12515,1571.37022,95,16,1,4,3,3,3
12523,511.3107600000001,28,7,1,3,5,4,5
12524,631.95496,23,16,2,5,5,5,10
12527,1863.7462,424,10,1,6,4,4,1
12528,4672.2192000000005,96,16,1,22,6,6,12
12530,1566.4464,86,12,1,8,7,6,1
12539,20851.42164,486,92,4,100,11,10,54
12540,4813.4365800000005,310,53,4,32,9,13,18
12551,1693.5268,17,7,1,9,4,4,3
12553,1907.6574,91,36,3,14,11,11,10
12557,342.75384,10,8,3,4,1,1,5
12559,3100.4196,136,15,2,11,5,5,8
12567,13765.036460000001,519,86,3,71,10,14,49
12574,1679.7836000000002,190,11,1,5,7,7,7
12577,6830.13114,976,54,1,33,7,7,21
12578,6156.4448600000005,116,47,4,40,9,9,30
12583,3320.84496,155,40,2,15,9,12,12
12585,4636.52956,209,55,2,26,9,8,21
12586,28.9082,1,1,1,1,1,1,0
12591,4997.04464,158,19,1,21,6,6,8
12594,804.3387,131,12,1,5,5,5,3
12600,888.8449499999999,16,13,4,8,4,5,9
12601,607.44524,9,9,1,4,5,5,5
12605,330.7242,3,3,1,2,2,2,0
12609,447.49100000000004,19,14,1,4,3,3,3
12621,2858.3619000000003,117,29,3,20,7,10,12
12625,6771.98724,186,39,3,24,7,8,23
12626,5794.57333,582,54,5,34,10,15,20
12637,4952.44242,125,54,2,26,10,11,26
12643,73.3482,2,2,1,1,1,1,1
12645,2588.35462,77,13,1,8,7,7,9
12647,4320.90315,215,36,4,27,9,11,16
12649,28.33198,2,2,1,1,2,2,1
12651,2522.32852,255,8,1,7,5,5,4
12652,3183.90632,169,45,3,26,10,11,18
12662,3453.4132400000003,145,30,2,16,7,10,15
12664,797.8032000000001,5,4,1,5,3,3,2
12665,131.4588,17,4,2,2,2,2,1
12666,50.09394,2,2,1,2,2,2,1
12668,7646.890780000001,214,50,2,38,8,12,22
12672,334.60288,10,10,1,3,3,3,4
12673,1820.26106,35,18,1,11,5,5,7
12676,1443.42712,13,9,1,10,4,4,4
12678,253.2297,6,5,1,3,4,4,0
12681,18465.27312,503,148,7,88,14,26,64
12682,13474.483250000001,230,75,6,68,10,16,35
12683,11534.86818,744,59,5,38,9,11,25
12686,1109.675,9,5,1,6,3,3,1
12691,1529.6788400000003,19,15,4,8,3,5,8
12693,1810.0624000000003,17,8,1,4,4,4,2
12705,1901.78133,36,27,1,13,6,5,9
12708,3209.5793400000002,170,23,3,21,7,9,9
12709,3364.42016,200,30,4,16,9,15,16
12712,4284.3485,65,38,7,27,8,12,16
12720,7348.71969,225,45,3,26,11,14,26
12721,2245.83354,144,15,2,10,7,6,9
12724,567.21984,13,10,1,7,4,4,6
12725,4914.66662,795,19,2,14,8,7,8
12726,2017.977,42,21,2,16,9,11,10
12727,1011.75622,15,11,1,8,6,6,6
12728,652.31036,87,11,1,7,5,5,4
12731,13512.63248,1121,32,2,38,7,10,16
12734,115.60408000000001,5,4,1,2,2,2,2
12735,3348.2903300000003,65,36,2,18,8,11,13
12736,171.68880000000001,25,4,1,1,2,2,2
12738,1920.0156,17,6,1,8,2,2,5
12744,11034.29156,365,23,2,34,7,6,16
12747,1880.966,210,19,3,10,7,8,6
12748,84634.52266,4781,302,34,327,13,31,248
12753,2613.74508,136,43,2,20,6,5,19
12754,4053.4232,66,27,1,17,8,8,10
12755,59.57876,2,1,1,1,1,1,1
12763,1091.48228,39,13,2,8,4,4,7
12764,5815.77772,217,28,1,28,8,7,15
12766,5065.08523,158,74,3,28,11,13,30
12775,1424.1017200000001,29,10,2,7,5,5,6
12778,654.99834,10,9,1,3,3,3,3
12779,2588.90982,98,37,3,15,7,7,16
12782,4706.17436,172,44,4,32,8,11,16
12785,914.1551300000001,17,14,1,8,4,4,3
12791,155.22770000000003,2,2,1,2,2,2,1
12793,2524.0087000000003,61,20,2,11,8,7,12
12797,462.4599400000001,17,16,2,7,4,6,8
12808,593.3585,105,6,1,5,4,4,2
12820,713.2713,107,11,1,5,6,5,3
12826,8226.967120000001,313,28,3,31,7,14,14
12829,1149.1694,18,12,3,6,5,7,5
12836,3340.73907,227,28,2,19,8,7,17
12838,5802.8218,479,42,1,28,12,11,19
12839,3970.57726,97,28,3,23,7,7,12
12841,13474.67692,375,75,5,49,9,18,37
12842,2555.8237,18,9,1,9,3,3,8
12853,2118.44875,43,19,2,12,7,9,12
12854,5056.495080000001,46,22,2,23,5,5,12
12855,954.9455,7,2,1,3,1,1,2
12865,267.8,2,1,1,1,1,1,0
12867,3955.1742400000003,297,46,2,24,6,6,15
12868,6302.930740000001,101,37,3,19,8,11,16
12870,66.20948,2,2,1,1,1,1,1
12872,4797.92654,288,54,2,31,9,12,25
12875,7.32,1,1,1,1,1,1,0
12877,1417.2605,19,12,2,11,5,6,10
12908,263.8,2,2,1,1,1,1,0
12913,99.74194,4,4,1,2,3,3,1
12915,1296.8897200000001,37,10,1,7,5,5,4
12916,4493.84756,178,29,2,19,8,7,15
12921,6703.14627,393,38,3,30,8,12,21
12924,29.5543,3,2,1,1,2,2,0
12928,382.07279,20,15,1,8,6,5,8
12929,999.427,13,6,1,5,3,3,3
12931,33.8885,2,2,2,2,2,2,1
12935,9060.4986,47,26,1,2,6,5,7
12939,269.1743,18,6,1,2,3,3,2
12942,917.9694000000001,36,15,1,7,5,5,8
12944,1230.1316000000002,42,12,2,7,5,4,4
12947,5469.743780000001,54,20,5,25,6,10,11
12951,1042.5997399999999,28,20,2,6,5,6,9
12956,3286.15547,35,12,1,14,5,5,5
12957,1374.34536,70,30,2,13,7,7,8
12963,1063.4841,49,16,2,6,5,5,2
12967,1785.08874,23,15,3,10,4,6,5
12970,595.2860000000001,52,8,1,2,4,4,3
12971,4721.485750000001,149,37,15,31,10,16,14
12980,1014.2155000000001,111,5,3,3,3,5,2
12989,191.858,2,2,2,2,2,2,0
12990,491.81940000000003,4,3,1,2,1,1,1
12997,962.0542,89,15,2,7,6,5,7
13000,1002.04048,12,9,1,8,6,6,2
13001,2608.75316,136,28,2,22,9,10,15
13002,976.0398000000001,9,5,1,5,3,3,1
13004,6286.38456,234,45,3,37,9,11,26
13008,2360.5195400000002,42,15,2,8,5,6,2
13011,246.16621999999998,17,3,1,3,3,3,2
13013,5983.5779600000005,157,48,1,28,7,6,18
13021,1924.3186399999997,82,8,2,6,3,4,3
13027,360.52656,16,6,1,4,4,4,1
13029,16.4895,1,1,1,1,1,1,0
13030,2627.97404,225,52,1,16,8,7,23
13033,609.47508,12,11,1,5,4,3,4
13034,247.55676,39,10,1,4,4,4,2
13047,3348.77498,175,33,3,26,8,11,18
13048,3298.94848,556,32,1,17,6,5,14
13049,282.82656,15,7,1,3,4,4,5
13050,11341.08425,298,63,9,60,9,16,33
13064,237.36237999999997,11,9,1,1,3,3,3
13065,1655.6929200000002,27,12,2,7,4,4,6
13068,6.99,1,1,1,1,1,1,1
13069,9848.984120000001,266,97,5,68,11,13,43
13077,1777.28298,148,13,1,4,4,4,5
13078,4471.40575,409,45,8,24,7,11,16
13081,23538.334450000002,1130,146,6,117,11,19,86
13082,1118.4082,9,4,1,6,2,2,3
13089,30416.776110000003,924,175,20,175,13,25,135
13090,1511.2822,34,13,5,9,6,8,3
13092,339.54109,8,7,1,4,6,5,3
13093,13057.10722,612,101,7,65,14,24,53
13094,471.82408000000004,26,5,3,4,4,5,1
13097,3571.2249300000003,280,45,2,18,10,12,25
13098,2431.1222000000002,25,18,2,14,7,6,8
13102,9386.99281,169,58,8,54,9,18,32
13104,123.81000000000002,1,1,1,1,1,1,1
13107,3114.71508,149,22,2,10,8,9,8
13108,623.0708,253,10,1,3,5,5,0
13110,1075.59254,52,14,1,8,4,4,7
13113,20992.49783,2344,41,6,29,10,16,15
13115,288.6816,9,2,2,2,2,2,0
13117,2415.05084,89,29,3,12,8,7,9
13124,4738.7507000000005,74,44,2,30,5,5,18
13126,2539.40569,73,29,3,18,8,12,12
13136,253.78640000000001,3,3,1,3,3,3,1
13137,7618.39157,78,24,1,33,7,7,15
13138,1693.3017800000002,21,10,2,7,4,3,4
13140,783.79764,36,16,1,4,4,4,7
13141,3630.16832,112,27,3,16,8,8,10
13144,54.096199999999996,3,3,1,1,2,1,2
13145,24.023,1,1,1,1,1,1,1
13148,19157.600000000002,186,47,5,78,10,14,44
13155,6274.881350000001,164,41,3,38,9,8,19
13158,3706.7486,67,16,1,16,6,6,6
13161,544.67932,9,8,1,2,3,3,2
13162,3863.3304000000003,111,29,2,25,6,5,12
13165,924.8657000000001,17,13,1,5,3,3,7
13168,5878.655000000001,753,54,1,36,10,9,28
13173,4020.3736,151,12,1,15,4,4,9
13174,24451.59176,793,135,4,124,12,18,82
13178,2086.96806,37,29,1,14,8,7,13
13183,2105.64912,48,16,1,11,7,6,6
13187,1515.02386,117,34,1,10,7,6,9
13198,6167.38086,131,58,3,38,9,12,30
13199,2106.3838800000003,32,13,6,14,6,8,5
13208,2442.3757,97,22,1,13,6,6,6
13209,524.3713,26,21,3,10,4,6,8
13211,70.04356,2,2,1,1,1,1,1
13221,2690.06346,136,33,1,19,8,7,11
13225,625.7065799999999,52,11,2,5,5,6,3
13230,11237.69331,396,49,3,42,10,12,27
13233,1429.6278000000002,20,13,2,8,4,4,8
13238,556.5562,35,5,1,4,3,3,1
13240,1694.0332600000002,49,15,1,15,5,5,5
13246,2544.15392,65,38,2,18,9,9,16
13253,610.75955,122,14,1,5,7,6,4
13255,1423.2022000000002,12,4,1,4,2,2,1
13263,2952.9896200000003,175,30,1,18,8,7,11
13266,67.4706,3,1,1,1,1,1,0
13267,17733.48544,1141,37,6,26,7,12,15
13269,3412.26964,224,20,2,17,4,4,9
13270,84.71000000000002,1,1,1,1,1,1,1
13280,9075.90156,220,52,3,39,10,9,23
13284,890.6362,18,12,2,6,4,5,5
13295,902.6174000000001,71,10,2,5,4,5,2
13304,809.3569800000001,29,20,1,3,4,4,8
13305,538.14103,7,5,1,3,4,4,4
13309,4597.28032,51,21,1,22,6,6,12
13310,2429.2419,138,25,3,12,6,6,8
13313,554.09366,21,17,1,3,5,5,6
13317,1120.32726,36,12,1,8,4,4,3
13319,7508.15117,277,68,5,42,9,9,33
13324,2597.3464,103,8,2,7,3,3,2
13327,958.5291800000001,28,18,1,8,5,5,13
13328,2533.1198000000004,41,14,1,10,7,6,4
13329,690.2993,10,9,3,5,3,5,3
13330,1397.9064,50,9,1,7,4,4,4
13368,166.60500000000002,35,1,1,1,1,1,0
13369,1881.7575600000002,25,16,2,11,4,4,5
13370,3592.3133000000003,129,35,3,23,9,10,18
13385,3631.66192,199,32,1,15,8,7,11
13394,1226.5954800000002,20,13,1,10,6,6,7
13396,2583.246,26,14,2,10,6,7,7
13397,624.9614800000002,10,8,1,4,4,4,2
13402,1581.3719,55,15,1,9,5,5,5
13405,329.89148,8,6,1,3,5,5,3
13408,9438.4949,1040,56,11,42,12,18,27
13418,4396.2724,96,36,3,24,8,12,11
13426,1188.6041,101,30,2,12,8,10,8
13448,2896.23322,237,29,3,22,8,9,7
13451,2014.91574,53,43,1,13,8,7,18
13455,3561.3082100000006,93,25,2,19,5,7,12
13458,4226.09568,190,62,5,28,10,16,32
13468,9125.13656,1151,62,7,38,12,19,24
13473,682.5496,83,13,2,3,5,4,3
13481,15.784,1,1,1,1,1,1,0
13487,383.72786,14,11,1,3,3,3,8
13488,12482.21811,719,100,5,76,11,16,50
13491,4632.1610900000005,144,33,6,22,9,14,17
13494,1197.21356,24,15,1,10,5,5,7
13495,2001.69518,40,25,3,12,4,6,12
13496,1623.0874000000001,142,27,2,11,6,5,8
13497,1057.55438,24,9,1,8,3,3,4
13502,123.67854,13,4,1,1,3,3,3
13506,4207.47402,106,20,3,21,6,7,7
13520,3840.36388,69,22,2,20,6,8,11
13523,1880.0226200000002,36,27,1,12,8,7,7
13527,65.08636,6,5,1,1,4,3,4
13531,7542.52706,199,15,1,4,3,3,5
13534,4280.34402,246,38,6,23,10,17,13
13538,38.732600000000005,3,3,1,1,3,2,0
13539,1202.34785,12,8,1,8,5,5,4
13551,1088.5292,5,4,1,3,3,3,1
13552,351.54596,40,7,1,3,4,4,2
13564,8279.68783,205,57,2,40,8,13,25
13565,1043.45766,15,11,1,8,6,6,3
13569,1923.03134,134,21,1,10,6,6,10
13576,2370.34376,226,30,4,15,6,10,11
13579,568.25689,9,8,1,5,5,5,2
13581,1028.55004,15,9,1,5,5,5,1
13584,2902.40204,35,21,2,16,6,5,9
13593,2833.71704,171,29,2,12,8,7,14
13599,1993.13768,32,27,5,17,7,13,9
13600,3071.6687,23,15,1,13,5,5,1
13606,414.6603,4,3,1,3,3,3,0
13611,1277.7865900000002,133,15,1,4,6,5,5
13614,621.1825,31,9,1,6,5,5,4
13615,2224.88684,232,15,3,12,7,7,7
13627,2126.4202400000004,62,17,1,14,5,5,3
13629,1117.9540000000002,14,7,2,5,3,3,1
13634,1270.54864,208,27,1,9,8,7,9
13649,780.6297000000001,59,15,2,6,7,6,1
13652,542.29678,20,18,1,5,1,1,7
13656,2366.05704,68,29,1,9,5,5,10
13659,4905.77968,113,45,2,32,7,7,15
13668,5036.61797,113,46,3,31,10,13,18
13672,291.54276000000004,8,6,2,3,4,3,1
13680,6934.134440000001,299,66,3,44,10,14,36
13693,59.304880000000004,10,4,1,1,3,3,3
13694,6645.21104,152,82,8,37,11,22,25
13700,1439.63292,110,23,2,14,7,6,9
13703,281.79,2,1,1,1,1,1,0
13705,1422.7635800000003,16,9,1,7,4,4,4
13707,4500.9698,272,17,1,23,7,7,9
13709,2908.3167000000003,471,22,1,19,8,8,10
13715,8223.27935,271,71,5,48,9,14,40
13725,4919.41497,50,22,2,30,4,4,10
13728,1103.10392,19,7,1,5,4,4,1
13742,9678.0995,500,57,2,42,11,10,32
13747,175.58100000000002,1,1,1,1,1,1,0
13748,7.9632,1,1,1,1,1,1,0
13750,9.2922,1,1,1,1,1,1,0
13754,1016.6604000000001,89,8,1,5,3,3,1
13756,1803.50014,46,14,3,8,5,5,2
13758,2467.47022,60,27,3,18,5,8,7
13764,4775.307570000001,97,51,2,29,8,8,16
13767,6527.34753,206,50,9,37,10,19,35
13769,3685.46149,100,27,4,21,7,9,11
13777,7467.06598,80,41,10,47,7,14,18
13782,3490.8118200000004,80,25,1,22,6,6,10
13784,272.95812,6,6,3,4,3,4,5
13786,568.59669,29,7,1,2,5,5,2
13787,447.14852,8,7,1,5,2,2,2
13798,11462.26444,348,90,7,67,12,16,35
13800,3475.8566800000003,60,24,1,23,7,7,11
13802,1339.95442,48,21,2,11,7,7,7
13807,1215.12348,12,7,1,4,3,3,3
13815,9010.7274,85,25,2,31,7,7,16
13817,192.62130000000002,10,9,1,2,3,3,3
13819,3419.75245,150,17,2,15,6,9,7
13824,862.98158,12,10,1,9,2,2,5
13829,20.03374,1,1,1,1,1,1,1
13831,359.6682,3,2,1,2,2,2,0
13837,1256.5016,120,5,1,5,5,5,2
13838,7088.4169600000005,185,31,2,35,9,8,18
13842,8385.82908,562,48,4,18,8,12,20
13846,1487.45754,210,27,1,8,7,6,7
13848,132.38150000000002,15,1,1,1,1,1,1
13854,3217.15488,144,20,8,24,7,13,12
13859,2660.58737,71,22,2,16,9,8,7
13862,3689.0456,84,19,2,18,8,9,9
13869,13530.6303,729,37,2,40,9,13,24
13871,3472.04761,33,12,1,16,4,4,7
13873,398.22278,7,7,1,3,2,2,2
13874,1140.80989,81,17,1,10,6,5,5
13880,1199.89,27,4,1,5,2,2,3
13881,2250.08828,25,10,1,7,5,5,6
13883,34.91,10,1,1,1,1,1,1
13890,1689.9701,141,11,2,8,5,6,5
13894,838.52422,11,8,1,6,5,5,3
13898,412.64829999999995,122,12,1,2,3,2,1
13901,780.88076,22,10,1,8,4,4,7
13911,3255.3226,131,16,2,14,6,6,8
13922,402.2173,27,7,1,3,4,4,1
13929,3152.1081999999997,157,3,2,2,2,2,0
13939,1353.19118,14,11,2,10,5,5,5
13941,1053.54098,17,10,2,9,6,7,4
13948,162.82760000000002,3,3,1,2,2,2,1
13953,14.496,1,1,1,1,1,1,0
13958,526.3670000000001,5,3,1,4,2,2,2
13959,1146.5034400000002,30,15,1,7,4,4,5
13963,5336.25018,371,31,4,16,8,10,14
13969,3582.46708,251,38,2,18,7,6,17
13982,4687.54738,180,38,2,30,11,15,17
13983,10660.65914,549,40,3,18,9,8,17
13984,178.09908000000001,11,8,2,4,2,3,1
13993,579.86456,25,17,1,3,4,4,6
13999,3457.29408,45,22,3,20,5,8,11
14001,1265.8285799999999,63,8,1,6,4,3,3
14006,603.54638,12,7,1,4,3,3,4
14016,1843.9637300000002,53,36,1,16,9,8,17
14030,5296.67838,321,20,2,17,6,6,5
14031,3581.1133200000004,160,45,5,21,10,14,20
14032,4669.394200000001,239,25,5,19,6,9,15
14037,1682.005,71,25,1,16,6,5,14
14040,8800.661,333,40,3,38,8,7,27
14044,8071.487300000001,72,23,2,45,9,8,11
14045,169.56098,8,5,2,4,4,4,1
14047,397.03758,97,15,3,4,5,5,7
14049,12679.01988,271,57,2,57,10,9,37
14051,4180.5677000000005,73,30,4,24,12,17,10
14057,3634.4455000000003,132,33,2,23,8,7,17
14060,4435.49099,345,34,5,25,11,17,13
14062,5551.60012,232,30,4,33,6,11,20
14068,2535.53244,254,21,1,10,7,7,9
14078,2662.2845,138,12,1,3,4,3,1
14081,5958.30743,247,56,1,24,10,9,23
14082,2765.19826,30,20,1,19,3,3,13
14083,8007.5707600000005,644,64,2,44,11,15,27
14085,13514.545180000001,689,112,6,73,12,21,64
14088,10762.28518,358,56,1,51,9,8,31
14090,21.576,1,1,1,1,1,1,0
14092,3398.2590999999998,194,55,4,26,9,10,21
14099,7118.27211,383,38,2,34,7,9,22
14101,151.89813999999998,4,3,1,1,1,1,1
14107,1305.1208000000001,48,14,2,9,5,5,5
14113,659.80638,43,6,4,7,4,6,6
14114,1119.1785,14,8,1,5,5,5,4
14119,23.9242,1,1,1,1,1,1,0
14127,2333.9288,27,15,1,13,5,5,4
14130,10724.19328,168,31,1,40,7,6,22
14133,2119.38086,46,15,2,11,5,6,6
14135,6227.896650000001,199,52,8,36,12,20,27
14142,3983.3312400000004,40,11,1,21,5,5,12
14146,11661.09828,579,50,2,31,8,12,20
14150,787.76534,12,9,1,6,4,4,2
14156,8740.84921,112,51,6,43,10,13,30
14159,2756.72692,128,40,1,21,7,6,11
14161,2949.73362,89,21,1,13,7,6,9
14167,1524.3312,175,17,1,7,9,8,3
14175,2001.5304800000001,64,20,3,7,8,10,3
14176,560.7213,15,14,3,8,7,8,6
14180,23767.76096,1669,64,10,41,12,22,32
14185,134.112,12,3,1,1,1,1,0
14188,1356.59185,57,11,1,8,6,6,5
14189,5783.0518600000005,357,35,3,26,10,11,18
14194,4324.59142,52,16,1,20,7,7,13
14201,374.2026,6,3,1,3,2,2,1
14205,1717.1880800000001,61,13,1,9,7,7,4
14206,333.8,2,1,1,1,1,1,0
14209,2664.80156,332,14,1,8,6,6,6
14210,3750.09522,53,29,2,17,9,12,10
14213,101.79348,5,5,1,2,4,4,2
14215,3803.87932,244,47,5,30,8,9,16
14217,1092.10894,48,21,5,11,4,7,7
14220,1060.42064,12,10,1,9,4,4,3
14221,2471.25865,266,15,1,10,8,8,4
14224,4273.525000000001,113,30,2,22,8,7,14
14229,1947.7484800000002,37,21,3,12,7,7,5
14233,2129.54158,44,12,2,12,5,7,8
14236,300.16060000000004,23,3,1,3,3,3,1
14237,958.08118,22,8,1,6,4,4,5
14238,960.42468,29,7,1,5,3,3,3
14239,575.91376,139,9,1,3,4,4,2
14242,1011.2132,10,7,1,5,2,2,1
14243,4029.9364800000003,126,33,3,14,9,12,17
14248,284.29499999999996,16,8,1,1,1,1,1
14256,3289.5225800000003,73,24,1,15,6,5,9
14257,4458.04354,116,27,1,18,6,5,12
14258,1447.11278,78,28,1,10,8,7,7
14264,31.280079999999998,2,2,1,1,2,2,1
14270,2021.1485,174,26,1,11,5,5,9
14282,1156.8456800000001,53,11,1,8,6,5,5
14290,3572.51996,390,23,2,12,6,6,9
14292,467.60720000000003,7,3,1,3,2,2,3
14293,1089.25746,40,14,1,5,5,5,5
14295,256.6,6,2,1,2,2,2,0
14298,17492.88043,789,152,8,98,13,21,79
14299,3529.4354000000003,129,27,9,20,7,12,12
14307,8819.77819,391,60,2,36,11,16,31
14309,925.61622,39,22,3,7,8,7,5
14312,3699.5834600000003,551,22,2,9,7,8,9
14320,2981.9199000000003,43,27,3,17,10,11,13
14321,2448.005,157,25,1,16,7,6,10
14329,5126.29364,158,55,2,31,11,10,19
14334,3654.73127,134,37,2,16,7,9,16
14341,1982.53866,135,20,2,12,7,7,4
14344,1773.4661999999998,29,9,3,13,4,4,5
14355,1525.1685,100,11,1,8,7,6,4
14368,1561.395,8,5,1,7,3,3,3
14373,180.60134,4,4,1,1,2,2,1
14388,1922.37778,250,22,2,10,6,5,8
14389,777.9982,166,6,1,1,3,3,2
14390,3911.2959400000004,39,13,1,21,5,4,12
14395,4285.9776600000005,115,51,2,33,8,10,23
14396,5110.8157200000005,341,23,1,24,7,6,8
14401,1991.2664100000002,39,17,2,12,7,10,8
14404,3852.38504,62,33,2,23,8,7,12
14409,2488.28998,26,9,2,11,3,5,5
14410,1183.1370200000001,11,5,1,6,3,3,2
14411,697.37467,14,13,1,8,5,5,5
14413,2685.86548,107,22,1,5,6,6,7
14414,308.72008,9,8,1,4,3,3,2
14415,11929.0309,384,85,3,45,10,14,44
14419,1754.03176,47,19,2,8,6,5,7
14426,4128.5754400000005,69,34,3,24,6,7,17
14428,1393.39198,32,21,1,8,7,6,2
14437,201.27685000000002,5,5,1,2,3,3,2
14438,546.93384,29,9,2,5,4,4,5
14439,3245.3979600000002,99,25,1,17,10,9,9
14440,5617.34379,280,25,2,15,8,11,14
14441,53.291,3,2,2,2,2,2,0
14442,4269.9439,251,21,3,20,5,6,7
14443,2487.89538,150,38,3,15,7,8,15
14448,817.4514200000001,43,17,1,8,8,8,5
14449,7670.56887,406,34,2,28,9,8,21
14450,1053.68428,44,11,1,3,6,6,2
14457,1733.7496,106,4,1,1,2,2,2
14460,386.8152,3,2,1,2,1,1,1
14462,8472.02616,83,31,2,39,9,11,20
14466,2052.64155,23,13,2,11,5,8,7
14467,2903.71936,193,15,1,9,7,6,5
14472,6333.5302,831,55,3,28,8,11,11
14479,445.87068000000005,50,10,1,5,2,2,5
14487,1826.31704,124,12,2,11,5,5,3
14491,589.4453000000001,60,3,2,3,2,2,2
14496,864.9774600000001,29,19,2,3,8,9,9
14497,2878.1389799999997,154,23,1,19,6,6,10
14498,775.3546600000001,18,14,1,6,6,6,8
14501,1045.19,5,3,1,4,1,1,2
14502,4988.7887200000005,57,28,3,21,9,9,20
14505,12258.21261,503,111,4,94,11,18,68
14506,6845.82752,133,31,1,30,8,7,25
14514,1390.07806,72,24,1,10,7,6,10
14524,1093.94498,34,25,1,6,6,6,8
14525,2242.55084,32,19,2,18,2,4,7
14527,18201.67147,953,130,11,84,14,26,70
14532,2024.85806,53,22,2,11,8,8,8
14533,1490.2000400000002,20,10,1,6,4,4,4
14534,5659.2262,85,15,3,22,6,6,6
14540,1569.76808,13,8,1,10,3,3,2
14541,13900.56168,1069,40,2,42,10,14,20
14543,2859.6521000000002,22,9,2,10,4,4,3
14544,4837.334580000001,493,46,1,26,7,6,22
14548,358.6682,3,2,1,2,2,2,0
14549,7446.73779,445,38,1,29,9,8,19
14553,965.0118600000001,30,23,1,6,7,7,8
14560,2089.52933,28,17,4,13,7,10,8
14565,2263.08794,110,50,1,17,7,6,16
14572,5618.30161,109,27,1,43,9,8,17
14573,8334.537400000001,625,54,1,36,7,6,26
14576,70.03945999999999,1,1,1,1,1,1,1
14577,2766.4847800000002,69,29,1,19,8,7,13
14587,11285.15925,441,75,2,57,10,13,35
14589,278.9154,35,3,1,1,2,2,2
14594,5145.14914,61,15,2,25,6,6,12
14595,741.2682,7,4,1,5,2,2,3
14600,823.638,9,2,1,2,1,1,0
14606,65743.77627,3119,282,27,288,16,36,217
14608,12.5962,1,1,1,1,1,1,0
14616,136.9,1,1,1,1,1,1,0
14618,633.46055,40,6,2,3,4,4,1
14621,3820.77362,1013,15,1,11,5,4,5
14625,2922.68836,119,32,2,12,6,6,13
14627,661.4102,7,5,1,4,3,3,2
14639,3465.64096,52,36,3,22,7,8,6
14643,1350.9426,69,18,2,10,5,7,1
14646,23781.58189,776,139,9,114,15,31,97
14653,2715.5844600000005,176,21,1,17,5,5,10
14657,5908.58432,251,46,1,33,8,7,27
14659,6095.02588,116,35,1,21,9,8,14
14662,4288.7781,120,14,1,18,8,7,10
14665,5835.194579999999,403,24,1,12,7,7,6
14667,29927.68894,1570,114,7,70,11,18,59
14669,7284.25872,146,84,2,43,13,12,36
14672,2592.13528,163,25,1,16,8,7,8
14673,1770.9791000000002,28,11,1,7,4,3,5
14679,158.6729,1,1,1,1,1,1,1
14680,8520.118,572,67,7,38,7,9,36
14684,3486.9874,264,35,1,23,7,7,14
14688,7951.723370000001,123,34,6,38,10,18,18
14692,5599.09638,48,21,2,18,6,5,9
14696,3817.7902,96,22,3,26,7,10,11
14701,8718.58912,277,28,1,38,10,9,15
14702,8828.43988,307,68,4,41,9,14,37
14708,2437.96313,54,12,2,8,6,7,6
14709,2940.05256,103,31,3,17,7,10,17
14713,8086.74776,215,45,3,49,8,10,31
14715,578.35826,13,13,1,7,6,6,4
14723,7729.84806,293,72,2,39,11,15,31
14729,9213.8237,352,37,2,42,10,9,27
14732,375.59804,10,10,1,5,4,4,5
14733,12236.220140000001,616,89,7,72,11,19,45
14735,3202.91034,209,23,3,19,10,9,17
14737,287.08556,21,8,1,2,3,3,2
14738,2221.48876,17,8,1,9,4,4,3
14739,1080.46758,29,18,3,11,4,6,8
14741,1677.84366,33,18,2,8,5,8,5
14744,1887.92632,136,11,4,9,6,7,4
14748,1861.85763,210,33,2,19,6,7,16
14755,2862.45372,40,20,1,18,8,7,12
14761,1026.6261200000001,116,7,1,3,4,4,3
14766,878.4736,10,7,3,5,2,2,1
14769,5309.36055,80,33,3,33,8,9,25
14770,1266.43495,137,16,2,9,9,8,7
14775,1669.8585400000002,43,17,1,9,5,4,7
14776,3169.5083200000004,31,15,1,19,6,6,9
14777,73.94040000000001,2,2,1,1,1,1,0
14778,2935.0243699999996,72,13,1,15,5,5,7
14779,9099.28946,643,23,2,20,7,9,11
14782,526.8747,11,5,1,3,5,5,2
14784,266.473,12,3,1,3,2,2,2
14794,845.51152,13,7,1,5,4,4,5
14796,16118.95938,644,94,5,79,12,24,43
14798,1292.9015,8,6,1,5,2,2,0
14800,11882.81212,399,83,4,72,10,9,58
14805,3187.6076,56,12,1,15,5,5,9
14810,6426.37966,275,42,3,24,8,11,22
14813,3140.37494,42,13,2,25,5,5,7
14821,366.43,3,2,1,1,1,1,1
14825,2235.91344,225,15,3,11,7,7,6
14828,332.7046,5,5,1,3,2,2,2
14829,5059.3963,47,20,4,19,4,7,8
14841,2500.01776,24,14,1,11,4,4,3
14842,192.78400000000002,2,2,1,2,2,2,0
14849,5791.71702,219,40,5,31,6,8,15
14850,1615.3328999999999,30,22,2,12,5,5,10
14865,56.3382,3,3,1,1,2,2,0
14866,22.4495,1,1,1,1,1,1,0
14867,1033.9316000000001,38,16,2,8,7,7,7
14871,1035.8089200000002,35,25,1,8,5,4,9
14878,1117.35476,16,13,1,6,3,3,4
14889,596.1976,19,9,1,7,4,4,2
14895,103.08,30,3,1,1,2,2,0
14896,3913.5862,66,24,2,19,7,6,8
14898,1773.46198,52,9,4,9,3,5,5
14901,5083.46994,100,29,5,25,7,12,19
14907,5181.88862,258,37,3,20,7,10,17
14911,57962.371510000004,2222,205,26,274,15,35,177
14913,949.30476,27,14,1,7,4,4,4
14916,2215.88928,20,12,1,7,4,4,6
14932,905.68317,53,17,1,3,4,4,6
14944,50.8164,2,1,1,1,1,1,0
14952,658.75566,15,10,2,7,4,5,3
14961,3546.91944,71,33,2,18,8,7,19
14970,1437.06496,113,5,1,4,4,4,3
14976,1043.79258,36,14,1,10,5,5,4
14978,5103.6924,118,54,4,29,9,12,21
14985,4731.43394,62,34,2,32,6,5,19
14987,378.3612,26,2,1,1,2,2,0
15002,3542.18012,155,42,3,23,9,13,25
15005,12361.57988,812,99,6,70,12,20,54
15012,6689.22509,184,35,2,30,7,7,14
15018,254.88639999999998,22,3,1,1,2,2,0
15021,4290.95409,537,47,3,19,10,9,19
15023,8760.7256,335,75,3,41,11,16,40
15024,4647.83136,623,42,2,19,10,9,17
15028,1110.04754,57,14,1,7,5,5,2
15032,2158.43538,189,22,2,18,5,4,14
15033,4029.19356,188,46,1,13,12,11,17
15034,6618.30616,303,55,2,35,8,8,31
15038,2796.3966800000003,69,22,2,23,7,6,9
15039,31653.2212,1658,162,8,148,15,30,103
15044,9637.85424,594,92,4,52,11,20,41
15046,4330.6435,114,38,3,21,6,8,12
15048,1700.5922699999999,64,21,1,5,7,6,5
15052,3480.95382,67,22,1,19,5,4,9
15057,3155.23036,67,15,1,17,6,6,6
15058,6439.97028,96,35,2,33,9,8,19
15059,2619.33134,44,25,2,16,6,6,9
15061,17965.03138,777,105,10,80,12,24,53
15062,453.33342,11,11,1,7,4,3,4
15070,541.14814,103,1,1,1,1,1,1
15078,6198.51876,165,42,6,30,6,10,21
15079,4441.73906,39,17,2,17,5,6,16
15081,549.73922,10,8,1,4,3,3,4
15090,2604.54464,32,17,2,15,4,4,8
15093,4155.279030000001,113,24,3,16,8,8,11
15100,967.7399200000001,15,5,6,6,4,5,2
15101,297.44687999999996,7,5,2,4,3,4,2
15107,1576.47506,70,19,7,12,5,8,3
15110,1990.0646000000002,719,5,1,9,4,4,2
15111,3076.04088,777,10,1,9,4,4,4
15139,313.51152,9,8,1,4,3,3,3
15144,4480.91056,782,17,1,10,4,4,7
15157,3287.53105,118,46,2,24,8,7,13
15159,8538.83446,113,39,3,51,9,12,23
15160,389.95815,5,4,1,3,3,3,2
15164,509.60985,24,16,1,5,8,7,7
15165,2500.9433000000004,74,23,1,12,9,8,11
15167,2902.09912,51,34,2,14,7,6,16
15171,155.8228,9,7,2,3,1,2,2
15174,596.70368,154,11,1,1,5,4,3
15179,4192.90004,104,32,3,26,9,9,16
15180,638.5524,6,6,1,6,3,3,1
15181,81.83239999999999,2,2,2,2,1,2,0
15189,1544.02286,81,9,4,7,6,6,2
15192,1137.02478,176,14,1,9,5,5,4
15194,23676.47922,2020,78,7,55,8,12,35
15197,76.03328,4,4,2,3,1,2,3
15199,176.9666,3,3,1,1,3,3,0
15203,283.6792,39,16,1,6,5,5,7
15204,408.12028000000004,11,9,1,7,3,3,2
15208,96.06783999999999,3,3,1,1,1,1,2
15211,1359.98533,115,21,1,8,7,6,9
15213,807.94996,28,24,2,9,6,7,7
15215,291.34392,4,2,1,2,2,2,1
15218,2896.74026,253,22,2,15,6,5,11
15221,411.99490000000003,11,8,2,5,1,2,3
15222,1011.8700000000001,7,5,1,5,2,2,2
15224,395.8823,29,16,4,9,7,7,8
15226,921.9400600000001,10,8,1,7,3,3,2
15227,1153.9872,17,15,1,5,5,5,4
15235,8156.9407,553,70,6,34,7,13,21
15240,2267.53914,25,14,2,11,5,7,6
15246,319.83496,24,12,1,6,4,4,5
15260,1885.55566,22,14,1,9,5,4,6
15262,1797.6929400000001,19,7,1,9,4,4,5
15266,725.9428,7,5,1,4,2,2,2
15270,969.87808,25,18,1,8,7,7,2
15271,4406.05015,264,35,2,16,9,8,13
15279,2011.8717000000001,74,21,2,7,4,4,9
15281,4122.64584,248,44,2,27,9,11,21
15288,2698.23876,119,23,1,10,5,5,8
15290,678.335,23,19,3,7,7,8,9
15291,1205.98392,93,33,6,13,8,12,7
15296,7143.46704,211,47,2,30,6,6,23
15298,2377.1707,182,39,4,17,9,11,12
15299,394.54629,56,3,1,1,2,2,2
15301,4037.11134,187,29,1,17,10,9,10
15304,307.20374000000004,5,4,1,3,3,3,1
15311,85791.96304,4106,235,24,291,16,37,188
15312,762.52687,27,16,2,5,5,5,6
15316,57.92,1,1,1,1,1,1,0
15326,1915.4674400000001,40,26,1,10,6,6,11
15329,108.68271,22,3,1,1,3,3,2
15332,2917.62244,231,24,2,17,6,6,14
15339,5654.69112,70,19,1,32,5,5,24
15346,775.16628,29,16,1,7,6,5,7
15347,116.9762,5,5,1,2,1,1,0
15350,637.9539,5,4,1,3,2,2,1
15351,23632.80632,2160,37,2,24,8,7,14
15353,1157.97742,20,12,1,4,5,5,2
15356,10219.76754,676,72,4,58,10,15,37
15358,12049.00244,281,77,6,69,11,18,41
15361,530.59032,7,7,1,5,2,2,3
15363,1267.17082,25,16,1,2,4,4,7
15365,2155.9706,16,9,1,9,4,4,5
15366,1380.59544,45,7,1,6,3,3,3
15370,120.62236,8,8,1,2,3,3,3
15373,2723.8591,229,20,4,16,7,12,6
15379,11828.58482,461,90,6,62,10,16,44
15380,386.4354,7,1,1,1,1,1,0
15384,1771.06956,166,18,2,13,6,6,8
15392,1675.30088,35,16,3,10,8,7,7
15394,2681.33538,40,17,1,15,5,5,7
15395,928.0785999999999,11,6,1,6,3,3,5
15415,7676.142400000001,61,15,2,38,3,3,17
15421,717.3542600000001,38,16,1,2,3,3,5
15422,357.34074,6,6,2,4,5,5,3
15426,7480.09496,434,68,3,33,9,9,37
15443,3685.6779,68,38,1,24,7,6,19
15447,732.4046599999999,44,9,1,5,4,4,2
15448,5133.415800000001,54,14,1,21,5,5,15
15454,1978.52704,113,23,1,11,6,5,5
15456,1542.48096,30,22,1,12,7,6,8
15460,6636.50731,252,40,2,33,7,7,20
15464,14994.62122,826,97,2,68,11,10,47
15465,1773.12312,88,20,4,11,5,8,9
15468,8.6312,1,1,1,1,1,1,1
15482,387.47610000000003,63,8,1,5,4,3,1
15485,2822.13131,330,36,2,12,10,12,16
15497,1852.86458,14,9,2,9,5,6,1
15498,12721.71534,511,100,7,85,10,16,67
15502,5004.07775,395,34,2,22,9,9,16
15503,4221.639520000001,397,45,1,39,7,6,19
15510,39.1142,1,1,1,1,1,1,0
15512,199.13412,12,6,1,4,3,3,2
15513,5479.77712,386,39,5,18,8,12,14
15514,7892.29683,526,75,3,52,10,13,37
15518,4812.10272,151,48,2,28,9,13,18
15525,8809.443650000001,414,33,1,36,10,9,15
15527,3214.4615000000003,41,21,2,17,7,9,12
15529,8881.35057,330,50,4,42,10,10,30
15532,6503.82792,90,34,2,29,8,7,16
15535,3886.6966,63,29,3,30,8,9,13
15544,2324.23582,35,17,1,15,5,5,12
15545,4079.29608,92,22,1,12,4,3,4
15547,8654.0263,357,56,4,48,9,8,38
15549,9549.55332,260,32,3,33,10,9,26
15555,6841.9721,237,68,3,48,8,13,39
15562,92.9,1,1,1,1,1,1,0
15563,1553.35284,26,19,1,6,4,4,9
15569,305.1236,50,7,1,1,2,2,3
15570,18903.55202,830,96,7,56,9,13,44
15574,14190.35294,491,110,3,64,11,16,57
15579,4080.5573600000002,35,15,2,18,7,6,6
15581,3254.49084,137,42,3,17,7,6,18
15587,702.5220000000002,35,3,1,2,3,3,1
15589,1421.8340699999999,57,12,1,6,5,5,5
15596,3664.32656,241,37,3,18,8,12,17
15601,19790.68832,1649,99,5,87,12,22,58
15602,1651.5590000000002,20,13,6,12,6,9,7
15605,2473.6922000000004,21,5,1,9,1,1,5
15606,475.08393,14,9,1,4,5,4,8
15607,947.2718000000001,17,13,1,6,3,3,3
15611,131.2682,3,3,1,1,1,1,0
15615,4462.07684,403,46,2,20,10,13,18
15620,1450.79854,53,26,1,13,9,8,16
15626,1069.7236,30,19,1,7,5,5,7
15628,2341.14994,23,13,1,14,5,5,4
15640,11557.43743,754,72,6,47,12,18,40
15641,1437.17198,38,19,1,7,5,4,6
15646,1916.8632400000001,35,10,1,13,3,3,9
15649,103.58500000000001,2,2,2,2,2,2,0
15658,6291.18882,160,22,4,17,6,7,12
15660,692.6814800000001,15,10,1,6,4,3,3
15661,1378.65,8,3,2,5,2,3,2
15664,366.764,150,2,1,1,2,1,1
15673,2507.84762,182,44,1,17,10,9,18
15680,2678.1587900000004,75,27,1,14,6,6,12
15687,5964.92584,430,35,2,22,10,14,12
15689,1203.54536,182,6,1,2,5,4,2
15694,2731.43892,85,17,5,12,4,6,10
15696,3834.83111,59,32,5,28,8,12,15
15708,9660.53816,550,72,4,46,10,9,34
15713,1205.89634,21,10,2,5,3,3,3
15716,2661.6012,65,27,2,21,10,9,11
15719,17810.57432,794,96,3,95,10,13,65
15723,4107.75577,82,26,1,22,7,6,14
15727,7763.752460000001,750,68,2,37,10,15,28
15732,371.05830000000003,5,4,1,4,3,3,2
15738,2609.5548000000003,88,33,4,15,6,12,14
15749,694.9100000000001,8,3,1,5,2,2,1
15750,2151.9822400000003,41,20,3,12,7,8,9
15752,1862.45099,92,11,1,8,6,5,5
15759,135.81412,4,4,1,1,1,1,2
15769,1049.5089600000001,36,12,3,6,4,5,3
15777,664.7322800000002,11,8,3,6,4,5,3
15780,1930.08524,19,8,1,9,3,3,4
15781,835.90202,10,4,1,3,2,2,2
15789,2440.46716,45,20,1,13,5,5,8
15797,194.055,1,1,1,1,1,1,1
15799,1173.40756,32,22,1,8,5,5,9
15805,1877.3542000000002,250,9,1,6,3,3,6
15808,27473.10433,879,109,7,123,13,22,58
15811,1402.06472,33,20,2,12,4,6,7
15812,384.85,2,2,1,2,2,2,0
15820,1960.4156600000001,137,15,2,9,5,4,10
15822,1107.20914,86,16,1,6,6,5,4
15823,819.12275,20,17,2,9,5,5,6
15827,3486.2181,38,20,5,22,7,11,8
15831,1138.96968,54,17,2,3,6,5,5
15834,127.148,6,2,1,1,1,1,0
15835,743.62796,26,14,1,5,5,5,7
15838,595.0459000000001,19,5,3,5,4,4,1
15841,195.32208,9,7,1,5,4,4,1
15845,5745.5234,373,12,1,7,7,6,2
15854,2787.04418,38,20,3,14,9,11,10
15856,4923.249510000001,96,37,3,32,8,10,12
15858,3697.88878,107,36,1,18,6,6,12
15860,2318.74896,179,9,1,10,5,5,6
15862,10300.37106,332,32,1,40,11,10,22
15864,1406.4966000000002,11,7,2,8,3,4,1
15867,13358.43698,306,76,6,77,12,16,47
15880,14773.070520000001,1010,56,2,46,8,7,35
15881,4254.39719,87,21,4,19,6,9,11
15882,2545.93542,109,12,2,11,5,5,7
15885,32.4438,1,1,1,1,1,1,0
15889,10270.80148,583,33,1,37,7,6,21
15894,3803.39278,119,23,2,25,7,6,11
15898,5003.11675,72,44,2,38,6,6,19
15899,407.9992,9,3,1,4,2,2,1
15910,6144.7249,302,26,1,28,7,7,16
15916,4450.0618,76,36,4,27,6,9,11
15919,5147.74256,401,33,1,24,8,7,14
15922,797.69736,17,11,2,6,5,4,1
15923,2440.32832,26,15,1,14,6,6,4
15938,1434.5100000000002,8,4,1,4,2,2,1
15939,1255.16868,58,18,4,7,6,9,5
15940,20.43282,2,2,1,1,1,1,1
15945,594.1981999999999,111,2,1,2,2,2,0
15950,2297.9849,209,24,1,12,8,7,9
15953,2620.30964,45,23,2,11,4,5,8
15955,3722.49722,169,16,1,15,6,5,5
15965,2216.7096800000004,191,14,1,9,6,5,8
15967,3171.72632,80,25,1,15,8,7,9
15971,372.64482,4,3,1,3,2,2,3
15973,397.08189,29,5,2,3,5,5,2
15981,146.22562,5,4,1,2,3,3,2
15983,6803.34892,444,61,4,37,7,11,24
15984,720.98531,18,17,2,5,8,8,7
15987,278.59997999999996,14,9,1,3,3,3,5
15996,1108.32346,44,29,2,9,6,5,13
15998,9842.46542,507,91,1,48,13,12,31
16003,1938.6186,120,19,1,9,6,6,5
16010,3880.54512,331,17,1,14,5,5,11
16011,6666.07894,79,36,3,33,8,13,15
16013,578.965,15,12,5,8,4,6,0
16016,7005.34864,481,43,3,33,8,12,25
16019,1164.81968,37,24,3,9,4,5,8
16029,5737.9535000000005,138,33,9,30,7,11,14
16030,3987.6556,45,20,1,21,6,6,6
16033,9832.09978,492,107,4,50,10,18,49
16034,338.358,82,9,1,2,7,6,3
16037,1008.90685,109,15,1,7,7,6,6
16042,618.388,14,5,3,5,2,2,2
16043,1132.7552,24,16,1,8,6,5,9
16048,1602.92332,13,7,1,5,3,3,2
16059,2895.98414,170,40,2,21,8,7,19
16062,713.2986000000001,7,5,1,5,2,2,0
16065,8377.79271,110,43,2,39,9,8,23
16081,2976.09675,209,19,1,14,6,6,10
16083,596.4856,64,14,1,8,5,5,7
16085,2440.62594,140,23,1,12,9,9,13
16086,822.4624,8,4,1,5,3,3,3
16094,35.2342,2,2,1,1,1,1,0
16098,988.1271,13,11,1,5,2,2,2
16109,851.5175,5,3,2,3,2,2,0
16110,13010.70403,252,52,2,69,9,9,41
16112,1031.2314000000001,15,10,2,5,3,4,4
16122,1010.8370699999999,24,19,2,8,5,7,9
16124,1043.24256,23,16,2,8,5,5,3
16125,1720.1115,21,7,1,11,4,4,5
16133,1332.0029000000002,20,13,2,7,3,4,5
16134,2652.54542,76,15,3,12,3,4,7
16138,15.784,1,1,1,1,1,1,0
16140,1190.8527600000002,28,6,1,6,3,3,2
16143,3313.5118300000004,71,25,3,12,9,13,9
16145,2529.62897,52,33,4,15,6,9,14
16150,2590.7581600000003,98,21,2,14,8,9,9
16153,1275.1364,11,7,1,7,2,2,2
16156,2107.52868,20,16,1,13,6,6,4
16161,11717.35563,339,83,7,64,10,14,42
16163,166.32618,5,5,1,4,3,2,1
16168,578.2384,70,8,2,3,6,6,1
16186,906.64561,49,19,1,2,7,6,9
16191,1705.43272,53,33,9,15,8,11,11
16202,934.17744,27,17,1,7,4,4,8
16203,1804.92,22,7,2,11,4,4,2
16206,1869.26488,117,21,1,11,6,6,6
16210,4382.333320000001,65,28,6,20,9,12,11
16218,4166.47286,40,12,2,17,4,4,12
16221,1256.91446,199,12,1,4,5,5,5
16222,12996.7011,336,63,2,71,9,8,47
16233,764.4938,24,12,4,6,6,7,2
16235,970.9305,10,6,2,7,3,5,3
16241,7105.03085,324,51,3,30,8,10,18
16244,6221.29763,90,46,2,28,6,5,25
16250,2250.53764,19,9,1,8,4,4,4
16252,1884.8395400000002,29,18,2,12,8,7,6
16255,5085.824500000001,104,47,2,24,10,9,17
16262,747.3000000000001,7,3,1,2,1,1,0
16265,3269.9635200000002,143,36,1,10,8,7,13
16270,4950.940860000001,301,37,1,23,6,5,17
16271,786.6314199999999,21,16,1,4,4,4,5
16274,7653.70347,469,46,1,32,8,7,30
16279,201.83620000000002,3,2,1,2,2,2,0
16282,904.1778,17,10,1,8,4,4,4
16293,741.9093,16,16,1,7,6,5,6
16303,2679.1497999999997,114,32,1,14,9,8,7
16306,543.65378,17,14,2,7,5,6,7
16315,316.4946,16,13,1,4,6,5,9
16316,2496.75076,27,13,2,17,2,3,9
16321,290.36809999999997,58,4,1,2,3,3,2
16326,2210.41444,67,37,3,14,11,10,15
16327,10244.8235,193,57,3,54,10,9,32
16333,648.7645,6,2,1,1,1,1,0
16350,1154.9057400000002,29,25,2,13,8,9,10
16351,281.70956,9,7,1,2,2,2,2
16353,1005.82996,21,11,7,9,4,7,4
16359,99.30766,5,4,2,4,3,4,1
16365,458.46614,14,6,2,6,3,3,5
16367,1566.3076800000001,38,32,1,14,7,6,9
16378,1784.4587000000001,18,7,1,9,3,3,4
16385,1047.90696,42,21,2,9,8,7,6
16387,54.64578,4,4,1,2,3,3,2
16393,1562.4040400000001,202,19,4,13,6,5,8
16395,6836.6705600000005,215,40,2,39,10,12,21
16401,896.5165800000001,23,13,1,10,4,4,1
16402,7261.39018,159,38,2,27,8,7,16
16403,923.7534800000001,36,9,1,3,3,3,2
16405,57.86748,4,3,1,1,1,1,1
16407,1463.51648,23,18,1,10,5,5,4
16409,5260.88268,118,32,2,30,7,7,16
16411,1046.95512,77,21,1,10,8,8,6
16419,1045.72059,28,16,1,7,7,7,5
16422,5291.52688,503,43,9,27,8,13,13
16424,18.5434,1,1,1,1,1,1,0
16442,5583.299980000001,57,26,2,29,8,8,15
16455,1937.979,138,24,2,13,7,6,11
16456,8745.72765,264,31,2,42,8,11,24
16458,567.98764,72,10,1,5,4,4,6
16470,2785.26734,130,34,1,20,8,7,12
16473,425.09168000000005,56,7,1,4,5,5,4
16477,5192.578240000001,129,45,3,30,11,14,20
16493,150.042,7,6,1,1,2,2,3
16496,6415.2972,74,24,1,31,5,5,9
16497,3392.8772,332,22,2,10,5,7,5
16499,2265.13988,43,20,5,13,3,6,3
16500,15.062399999999998,1,1,1,1,1,1,1
16503,5090.2852,322,44,3,26,10,11,17
16510,2222.35696,22,7,2,10,2,2,7
16515,2716.51104,139,24,1,16,8,8,15
16519,109.69955999999999,6,5,1,1,3,3,2
16520,8346.75049,184,34,2,32,6,6,24
16523,2011.37352,47,23,2,18,7,7,13
16525,3717.53107,43,27,5,27,7,10,17
16531,1505.46466,83,12,2,9,7,10,5
16532,17.151,1,1,1,1,1,1,1
16539,3927.3919800000003,123,24,2,14,6,8,8
16546,1820.40568,18,8,2,11,4,4,3
16549,1798.2830800000002,67,30,1,15,5,4,8
16550,3840.4936900000002,154,45,2,22,8,7,12
16551,733.01548,20,8,1,8,6,5,3
16552,524.15922,7,5,1,4,3,3,3
16553,7489.208279999999,265,18,2,5,4,5,5
16554,598.1178,29,2,1,1,2,2,0
16556,1557.6194,25,15,1,9,6,5,6
16558,4023.4321600000003,107,48,4,28,9,15,21
16560,2358.3900000000003,158,15,1,10,3,3,10
16565,105.5484,11,3,1,2,2,2,1
16567,2393.5398800000003,36,17,1,14,5,5,9
16570,2046.01446,30,15,3,11,5,7,6
16579,280.731,5,1,1,1,1,1,0
16583,2188.89964,708,12,1,5,7,6,3
16593,8.249,1,1,1,1,1,1,0
16596,101.0341,16,6,1,3,3,3,1
16600,1077.75928,289,9,1,1,4,3,4
16607,837.57506,37,8,3,8,4,4,5
16612,2956.89185,88,9,1,14,3,3,8
16618,5535.12488,59,23,2,24,10,9,14
16634,1199.6819,10,5,1,6,2,2,1
16638,323.47697999999997,50,12,3,3,5,4,7
16654,813.4316,27,8,1,5,6,6,0
16655,2551.3472,419,32,1,13,9,8,10
16656,193.6237,19,11,4,6,4,5,2
16658,1044.59814,11,8,1,7,3,3,2
16660,43.57258,6,4,1,1,3,3,2
16665,1113.13624,69,8,1,5,4,4,5
16670,4086.58308,277,44,4,25,9,12,13
16676,1022.98482,50,28,1,8,7,7,7
16679,105.63174000000001,5,3,1,1,1,1,1
16684,6195.41954,134,37,4,33,7,7,20
16686,9219.74412,123,54,2,51,10,9,25
16700,4697.4698,83,37,3,24,5,8,10
16701,1538.06868,28,19,3,9,6,6,11
16705,3600.4307200000003,313,40,4,28,6,7,21
16710,5043.11735,330,61,2,28,8,13,32
16711,21.3282,1,1,1,1,1,1,0
16713,9831.48269,559,77,3,49,10,10,35
16714,11607.26236,233,48,1,47,8,7,35
16716,46.90792,1,1,1,1,1,1,1
16717,1333.10374,52,18,2,8,6,7,3
16718,4977.19686,63,25,2,27,9,8,13
16719,6663.94014,235,39,4,34,8,12,24
16722,2693.99575,48,34,3,22,8,12,10
16725,12703.39106,850,89,5,67,13,26,44
16726,770.8712,95,17,1,8,5,4,8
16727,4069.1586800000005,245,39,1,21,7,7,14
16730,3388.5763,23,12,1,9,7,7,4
16735,3648.7664400000003,139,35,2,26,8,7,13
16743,2801.54513,181,28,1,12,7,6,6
16745,5991.65896,90,42,2,28,10,9,17
16746,3228.7353,72,37,3,26,8,7,15
16748,2089.7149400000003,56,18,2,9,6,7,4
16752,1060.77894,16,7,1,4,4,4,7
16754,164.5906,2,2,1,2,2,2,0
16755,1786.3599600000002,22,16,1,7,6,6,5
16757,998.7561400000001,10,6,1,6,4,4,2
16767,6906.03762,100,31,1,26,9,8,17
16770,9875.85326,127,34,3,45,7,13,24
16771,11863.50166,376,60,2,57,9,13,35
16775,2992.2850000000003,42,23,2,19,7,9,13
16779,6392.67424,456,63,7,36,7,10,20
16781,2251.07268,23,12,2,14,2,2,6
16782,10891.56417,1376,80,7,61,10,19,38
16791,3675.67666,78,41,1,17,7,6,18
16795,5169.348110000001,267,48,2,31,8,7,29
16805,4096.785080000001,207,34,1,31,11,10,16
16810,35.5944,1,1,1,1,1,1,1
16812,2028.59912,52,9,1,7,3,3,4
16814,8611.37005,317,64,7,36,9,18,24
16816,2976.3204,24,12,3,16,5,6,5
16817,1928.47574,92,16,3,13,6,7,5
16833,1522.44656,61,16,1,8,6,6,4
16835,285.08371999999997,12,5,1,1,2,2,2
16839,1864.56771,51,24,5,10,9,13,11
16843,1757.3725600000002,99,17,2,8,6,5,7
16850,1680.59554,28,17,1,13,7,7,6
16858,691.0129400000001,14,13,2,2,4,4,4
16861,40.907700000000006,10,2,1,1,2,1,1
16863,1344.80922,297,9,2,5,6,6,2
16873,3704.39258,200,44,2,43,6,8,19
16875,2425.61904,58,22,2,16,4,7,10
16882,267.8,2,1,1,1,1,1,0
16883,2568.49308,22,14,1,11,2,2,5
16885,3851.29938,190,21,1,23,8,7,13
16889,5321.1003,979,44,1,20,10,9,16
16891,8661.164780000001,370,38,2,37,8,7,24
16892,47.23855999999999,4,1,1,1,1,1,1
16893,3854.53888,96,30,2,30,6,5,21
16897,3981.09232,34,20,1,19,6,6,9
16898,3651.21094,127,27,2,11,7,7,11
16899,881.27764,21,14,1,9,3,3,8
16904,6744.5953,234,49,2,44,8,7,21
16905,1069.6060000000002,24,8,1,5,4,4,3
16907,4024.55884,469,26,1,19,7,6,16
16912,1033.81324,30,13,1,5,5,5,7
16916,3706.49226,110,38,1,23,8,7,16
16918,2613.1374,108,21,2,10,5,5,13
16919,8039.590200000001,966,46,2,33,8,12,23
16923,16202.57942,1048,74,5,59,10,9,41
16926,640.70312,17,14,1,6,5,5,5
16927,39.8942,9,2,1,1,2,2,1
16928,1703.30472,94,10,2,5,6,5,3
16931,12252.53993,385,88,4,53,14,24,46
16938,2168.1843,21,10,2,9,3,3,7
16943,1629.4584,25,19,1,10,4,4,5
16945,1506.9146,32,18,1,7,5,5,5
16948,628.5715,57,4,1,4,3,3,2
16949,931.9382,8,5,1,4,3,3,0
16950,187.305,4,3,1,2,2,2,1
16954,418.1947,42,12,1,5,4,4,4
16955,1456.83886,20,14,4,12,4,7,3
16983,1329.60274,42,16,2,10,8,8,6
16985,4152.164360000001,543,24,3,17,7,6,14
16992,49.36714,4,2,1,2,2,2,1
16995,27.1854,1,1,1,1,1,1,0
16996,394.86234,35,6,3,4,5,5,2
16997,706.6298800000001,22,8,2,5,5,5,2
17001,1898.26646,153,24,2,18,9,11,13
17007,1356.3891999999998,185,11,2,8,7,7,3
17017,7774.88281,253,50,5,42,9,14,28
17018,697.6221400000001,7,5,1,5,3,3,2
17019,8839.12125,170,60,3,46,9,14,27
17025,1243.3789000000002,10,5,2,5,2,2,1
17026,173.74040000000002,3,3,1,3,2,2,0
17027,3886.5398800000003,55,30,1,18,8,7,13
17033,406.81882,8,8,1,4,3,3,4
17035,1767.5068,27,15,2,8,4,4,9
17041,728.0354,20,16,1,4,4,4,4
17044,69.53414000000001,3,3,1,1,1,1,1
17048,1337.8921,23,13,2,7,6,7,5
17059,9591.48654,151,63,2,68,8,7,39
17062,6940.15408,264,57,5,34,6,13,25
17064,3788.1339799999996,349,22,1,9,8,7,10
17068,7095.033420000001,102,51,5,37,9,12,20
17069,2638.21976,49,23,3,14,5,5,10
17071,1412.02294,19,12,1,8,5,5,5
17075,456.1498,22,18,1,6,6,6,6
17076,1170.30618,11,6,1,5,2,2,3
17082,562.91208,58,21,2,11,5,4,7
17085,6635.69974,551,64,3,39,11,16,24
17090,106.24620000000002,2,2,1,2,2,2,1
17091,4163.96868,111,43,3,20,10,10,15
17094,1990.74816,97,15,2,8,10,9,5
17095,829.31008,18,17,2,5,6,5,8
17097,6528.44736,158,48,4,29,8,12,21
17105,5126.24919,64,18,1,27,5,5,11
17114,2903.2498,119,25,1,11,9,8,12
17118,1943.7512000000002,135,9,1,7,4,4,3
17126,7372.20858,328,50,2,28,8,8,19
17128,1101.19936,157,14,1,6,7,6,4
17135,1548.8283000000001,14,7,1,6,2,2,4
17146,2407.12198,210,15,1,6,4,4,5
17147,877.33948,49,15,1,8,6,6,7
17158,2266.29876,26,19,2,16,5,5,10
17179,2157.71828,164,20,1,8,4,4,3
17180,6304.74312,201,29,2,31,9,8,17
17181,374.2782,3,2,1,2,2,2,0
17188,3748.9757,192,27,5,27,7,12,13
17189,4498.68384,359,33,1,19,8,7,15
17191,8509.52256,399,52,2,34,8,7,20
17194,1673.87544,141,25,2,13,7,6,8
17198,10785.48594,966,44,3,44,8,11,22
17204,399.70000000000005,3,3,1,3,1,1,0
17211,4977.61884,349,61,3,25,7,9,24
17213,3965.0970800000005,130,38,5,20,9,12,14
17214,1968.04484,46,22,2,15,8,7,9
17218,8356.32281,229,84,4,58,12,21,43
17220,8286.6054,190,40,3,38,8,7,23
17223,8869.87976,905,32,2,27,8,7,12
17226,2551.31794,175,17,1,13,6,6,6
17227,323.8515,13,9,1,3,5,5,0
17228,4397.2253200000005,68,27,5,25,5,7,15
17230,6452.32806,101,39,4,39,6,9,30
17231,7508.1908,461,66,4,36,10,13,27
17235,2046.6148,14,4,1,7,1,1,2
17236,2760.96904,254,26,2,15,7,9,12
17238,10946.228710000001,280,51,3,51,9,14,23
17239,2739.0137600000003,26,12,2,14,5,5,5
17243,6510.934480000001,107,47,5,36,9,13,21
17251,2245.59252,277,29,1,22,7,6,11
17256,1042.2765,20,10,1,7,3,3,3
17259,6527.99624,150,55,2,32,8,7,18
17262,23.3521,3,2,1,1,1,1,1
17277,4786.68806,231,36,1,29,9,8,15
17284,7268.02936,317,90,2,49,9,8,43
17287,2288.4392,126,19,2,9,7,8,5
17288,1327.4808,51,10,2,5,4,4,2
17291,139.93,1,1,1,1,1,1,0
17293,2433.57749,50,20,2,15,6,8,9
17303,3132.54116,86,40,1,21,6,5,15
17306,210.03470000000002,9,9,3,5,5,5,4
17307,28.6442,1,1,1,1,1,1,0
17311,4064.3382,31,12,1,19,4,4,8
17314,3753.8130800000004,71,18,2,15,5,8,10
17315,9168.19551,358,53,8,51,11,12,32
17320,1994.79832,116,20,1,11,5,5,5
17324,1642.00884,632,17,2,7,7,9,10
17329,2876.261,31,13,1,9,3,3,4
17334,1584.45262,15,7,1,7,4,4,4
17337,37935.25831,1448,69,2,139,10,9,81
17338,7911.04514,422,79,3,56,10,9,34
17339,50.432,8,4,1,1,1,1,0
17340,11903.439470000001,492,90,4,61,9,8,51
17341,13387.328790000001,766,102,2,64,11,10,59
17343,1294.1808800000001,117,16,1,8,7,6,4
17346,3651.90216,183,36,3,21,6,8,12
17356,2077.0063,21,14,1,14,5,5,6
17358,5312.585400000001,59,25,2,26,9,8,17
17362,910.77752,14,11,1,6,6,6,4
17364,2368.54628,68,50,2,16,9,10,19
17365,5001.4444,770,62,1,29,10,9,29
17368,3137.74858,73,34,3,22,9,12,17
17371,1313.5808000000002,15,8,1,4,2,2,2
17372,9283.64378,256,68,4,38,11,10,29
17373,2136.84596,46,14,1,9,6,6,5
17375,4261.3712,109,30,2,25,8,10,17
17376,675.45094,18,11,1,5,5,5,3
17377,4549.98124,133,35,5,28,7,10,19
17381,2925.9791800000003,28,13,4,14,3,5,3
17389,2849.4204400000003,128,14,6,13,5,7,2
17392,7820.6840600000005,98,41,2,34,7,7,22
17396,46.0146,3,3,1,2,2,2,0
17400,7650.397369999999,305,34,1,17,6,5,18
17402,2451.20966,214,23,3,13,8,8,6
17404,4936.77526,101,32,5,33,8,11,14
17406,8237.85484,573,86,4,47,12,15,54
17411,183.16970000000003,16,2,1,2,2,2,1
17412,2211.68086,79,17,2,14,7,10,10
17418,1176.2717,45,11,1,7,6,6,5
17419,2338.35118,54,32,2,18,7,6,13
17420,650.5532000000001,8,6,1,5,3,3,0
17428,2647.76988,89,45,5,20,9,10,16
17430,1382.45,10,4,1,3,1,1,2
17431,7123.26896,164,22,1,26,6,6,14
17442,249.5259,7,1,1,1,1,1,1
17446,928.7266500000001,9,4,1,3,2,2,1
17449,7382.272910000001,886,47,2,38,8,7,23
17450,3364.4397,267,64,3,23,9,10,35
17454,1122.83025,13,7,1,7,3,3,3
17456,1064.7045500000002,71,17,1,7,7,6,3
17457,823.9662000000001,10,7,2,5,2,4,3
17460,585.6802,12,8,3,6,4,4,3
17463,11252.83782,186,40,1,57,8,7,30
17470,1372.5018,14,8,1,6,4,3,3
17491,365.01508,21,12,2,7,5,4,4
17496,331.23118,11,10,1,4,5,5,2
17504,2458.8977200000004,42,24,1,14,7,7,12
17507,6018.5599,57,25,2,33,7,7,16
17511,19989.91866,847,120,11,106,12,19,78
17515,3063.1984,106,27,1,14,7,6,7
17517,980.04604,12,10,2,8,4,4,5
17519,2007.58174,106,19,2,9,5,5,4
17524,281.5288,97,6,1,1,4,3,3
17525,463.71328000000005,14,9,1,4,7,7,3
17526,633.98745,19,7,2,6,6,6,1
17530,6092.59951,248,53,2,29,8,7,19
17540,406.24,39,8,1,2,4,3,2
17547,173.92849999999999,2,2,1,2,2,2,1
17548,632.2849,10,7,1,4,3,3,2
17551,3091.37282,457,39,1,17,11,10,11
17552,1342.23242,162,12,1,2,5,4,4
17555,4172.8762400000005,186,42,1,23,6,6,22
17560,182.02840999999998,4,4,1,2,4,4,4
17567,2742.65085,105,26,1,6,7,6,11
17569,2028.11524,40,25,2,14,7,6,4
17572,472.42692,23,4,1,2,3,2,1
17576,7150.439600000001,312,28,5,25,7,12,12
17580,5056.95564,91,27,2,26,7,8,20
17581,5735.57734,105,42,4,39,9,10,25
17585,3589.85342,709,25,1,17,7,7,10
17591,6752.2454800000005,132,71,4,42,9,14,35
17593,995.40424,35,25,1,11,7,6,8
17596,5009.27275,337,44,1,28,8,7,22
17602,12508.808140000001,409,53,1,56,12,11,27
17604,3916.08998,35,17,2,19,4,4,11
17609,7485.74312,442,67,1,33,11,10,46
17611,18701.89332,452,99,4,104,12,22,77
17616,137.4,1,1,1,1,1,1,0
17618,2908.93112,174,46,1,22,8,8,10
17619,6342.57682,285,41,1,46,9,9,36
17621,2603.72492,25,9,2,12,5,6,6
17629,1311.55112,16,11,2,9,2,3,8
17633,19.20774,1,1,1,1,1,1,1
17634,4816.85195,464,56,1,24,9,8,19
17643,679.1295,9,7,1,4,3,3,3
17644,20.43258,1,1,1,1,1,1,1
17646,1073.6776100000002,91,9,1,5,6,6,3
17655,329.8168,16,11,2,5,1,2,6
17659,1816.3779399999999,239,17,2,6,5,6,4
17671,449.3819,36,17,1,1,5,5,7
17672,5210.92272,55,27,1,19,8,7,14
17673,8306.1308,71,18,2,38,7,7,17
17674,488.78754000000004,14,11,1,5,5,4,5
17675,5289.19786,266,48,5,26,8,11,25
17676,1458.55512,52,15,1,3,2,2,8
17677,3668.28578,132,40,5,28,7,10,15
17682,1398.06924,180,14,1,6,5,5,5
17685,3600.0950000000003,143,35,4,22,10,14,18
17690,7663.78006,563,50,4,38,7,11,32
17691,647.98448,40,19,2,6,6,6,6
17692,3006.16589,44,16,1,15,6,6,8
17696,1195.36696,8,7,2,4,5,6,4
17700,59.380579999999995,3,3,1,2,3,3,1
17702,648.787,57,4,1,3,4,3,1
17706,2593.6129,165,24,1,18,7,6,11
17707,43.398720000000004,3,3,1,1,3,3,1
17708,3104.60002,492,24,1,16,8,7,14
17714,583.31998,12,10,1,6,5,5,6
17720,64.3082,1,1,1,1,1,1,0
17722,6663.97045,146,57,6,49,10,17,34
17730,1315.0119,286,18,2,6,7,7,5
17732,2161.41538,127,13,1,11,4,4,9
17735,7643.145700000001,163,39,2,28,9,13,17
17739,769.2334000000001,177,12,2,2,3,3,5
17742,1331.9384400000001,108,12,1,8,6,6,5
17744,2818.8535,93,45,5,17,8,8,17
17752,179.8,2,1,1,1,1,1,0
17757,9844.45334,522,81,7,56,9,18,37
17760,997.5545,14,7,1,7,3,3,2
17769,4535.09298,269,25,1,23,8,7,13
17771,2026.74524,29,20,1,9,7,6,10
17786,2403.1875600000003,180,24,1,10,7,6,7
17787,7803.88338,113,56,3,41,9,12,19
17790,2131.99109,45,18,3,15,7,11,8
17796,10536.61732,108,45,4,46,7,7,28
17799,10368.13006,448,71,4,60,7,11,36
17800,698.30342,76,12,1,7,5,5,4
17802,966.92304,39,12,1,5,6,5,2
17809,934.83628,178,15,2,3,6,6,4
17811,14705.97589,428,69,5,76,11,20,36
17812,1883.78122,40,30,2,10,7,6,14
17816,2118.36186,96,10,1,2,4,4,4
17819,1505.6634,16,14,2,4,2,2,4
17820,387.92313999999993,61,3,1,1,2,2,2
17827,8552.05804,399,78,4,50,11,10,32
17838,4963.32674,91,35,3,16,5,5,15
17841,55308.01662,2620,264,20,261,14,30,207
17848,292.1853,31,12,3,5,4,6,3
17849,1453.7827200000002,24,8,1,2,3,3,5
17850,40342.12404,1125,115,10,176,12,11,90
17855,1719.4436,45,13,1,9,5,5,2
17857,544.11688,7,5,2,4,3,4,3
17858,4936.44212,893,23,4,28,6,11,13
17860,3702.10867,108,44,1,30,9,8,23
17861,972.8764000000001,10,6,1,6,3,2,1
17862,1023.26844,13,8,1,8,3,3,7
17863,4284.91956,52,36,2,23,8,11,16
17865,5541.0913,213,31,2,23,6,9,11
17869,832.88139,17,16,1,6,4,4,7
17870,53.5882,1,1,1,1,1,1,0
17873,1183.90266,33,7,1,4,3,3,4
17880,2099.63655,46,23,1,10,8,7,9
17884,9729.02968,241,59,4,54,11,14,29
17888,1078.40648,67,18,2,7,7,7,8
17889,1167.50736,15,12,1,9,7,7,5
17890,7893.057540000001,405,64,3,40,9,13,37
17894,11250.15594,284,78,6,56,11,18,33
17897,6813.47976,206,46,3,33,7,10,23
17905,1983.93812,42,26,2,10,6,5,11
17908,6284.697520000001,186,37,1,32,7,6,16
17912,1950.3926000000001,141,32,6,19,8,12,11
17913,1227.89511,60,31,1,12,6,6,13
17917,3069.3194000000003,47,19,2,17,6,5,10
17920,12793.14452,938,55,4,64,11,15,38
17924,313.4839,5,5,3,4,4,4,0
17925,29.6162,1,1,1,1,1,1,0
17929,263.37760000000003,2,2,1,2,1,1,1
17937,1110.20336,24,14,3,11,3,3,5
17949,79.79296000000001,3,2,2,2,1,2,1
17950,7515.98221,208,34,1,19,8,8,16
17951,983.5497,60,8,3,8,5,4,3
17954,7268.1170600000005,175,57,3,39,11,14,32
17961,10399.12571,346,71,7,29,8,10,31
17964,5004.85386,85,17,1,23,5,5,13
17965,5361.67663,217,70,4,45,10,18,28
17967,5282.52264,327,28,1,26,8,7,17
17968,9641.41005,1201,61,1,31,9,8,33
17969,157.37572,8,7,1,3,5,4,3
17975,13270.9262,1295,72,4,35,12,21,31
17976,6117.99492,157,40,1,32,8,7,19
17978,671.38808,20,12,1,4,4,4,2
17980,728.45392,26,14,1,7,5,4,6
17988,1767.74978,52,10,2,10,5,5,4
17990,1081.72654,35,11,2,8,6,7,8
17999,4544.14485,294,36,1,16,8,8,15
18004,3436.2962,386,31,2,18,5,5,13
18008,546.3616,44,12,1,5,5,5,4
18011,1939.8174000000001,34,21,1,13,5,5,5
18016,3137.8854,105,28,2,21,8,7,14
18017,29.5808,1,1,1,1,1,1,0
18032,66.35816,5,5,1,3,1,1,3
18037,569.1144,43,7,2,7,3,5,2
18041,17350.52444,714,84,6,95,11,15,53
18043,5288.99061,292,48,1,28,10,9,25
18044,940.4764,8,5,1,3,2,2,0
18050,786.99858,105,5,1,5,3,3,2
18055,10344.06271,242,65,5,50,11,14,33
18061,1338.4595800000002,13,9,2,6,3,3,5
18062,131.20346,4,4,1,3,1,1,2
18065,1989.8571200000001,28,16,3,17,5,5,7
18069,5689.710620000001,219,58,1,33,10,9,32
18071,715.12988,73,13,1,4,5,5,6
18074,2039.0309000000002,14,4,1,11,2,2,3
18075,3340.29766,122,27,4,19,7,11,8
18077,5699.99544,541,48,5,32,11,14,30
18085,2482.65808,94,23,2,15,7,8,9
18092,1825.7740000000001,35,17,4,12,5,6,5
18095,1510.5189200000002,93,21,2,12,6,6,8
18097,1683.2369,23,14,2,11,5,5,5
18102,2322.1799400000004,40,12,3,14,5,5,5
18106,3180.54088,160,38,1,19,6,5,18
18109,4036.089,114,59,6,33,9,18,21
18113,139.07459999999998,13,1,1,1,1,1,0
18116,12345.73416,372,109,6,77,13,18,54
18118,23840.25045,1217,134,5,119,13,24,77
18119,1973.3646,151,26,2,12,6,5,7
18125,11322.412680000001,164,44,2,45,10,9,29
18136,1846.55636,31,14,1,10,5,5,6
18141,41.8484,2,1,1,1,1,1,0
18144,674.94872,17,9,3,5,5,5,3
18145,4641.61592,259,30,1,24,8,8,12
18156,3986.3318600000002,151,36,1,34,5,5,18
18161,929.51952,19,14,1,8,4,4,6
18168,4533.38434,123,34,3,29,8,11,13
18171,1424.13824,16,11,1,9,4,4,5
18176,3062.10261,232,31,2,13,7,7,9
18178,3378.69016,43,28,2,15,5,7,12
18179,1912.01126,63,25,2,13,8,11,17
18190,511.11566,15,10,2,6,7,7,3
18193,15.420799999999998,3,1,1,1,1,1,1
18198,2459.59038,54,24,2,15,6,8,11
18202,4763.7456,457,15,1,17,7,7,9
18212,3086.52068,326,32,1,21,7,6,9
18219,1289.41308,97,24,2,12,5,6,9
18223,4586.47868,149,45,5,32,7,11,25
18225,123.51650000000001,38,3,2,2,3,3,3
18226,1295.11776,55,19,2,11,5,6,9
18229,2743.12564,40,10,3,13,3,6,7
18230,143.01774,2,2,2,2,2,2,2
18233,82.615,50,1,1,1,1,1,1
18239,6928.03416,140,38,3,27,10,10,15
18245,8403.68024,85,31,3,30,6,9,15
18250,2520.7548,117,16,1,6,4,4,8
18256,83.3536,4,4,1,2,2,2,0
18259,833.4298,45,6,1,3,3,3,3
18260,2942.95972,128,34,3,19,10,14,16
18269,166.9075,10,8,2,2,2,3,3
18277,333.8,2,1,1,1,1,1,0
18283,7333.85941,151,68,2,53,12,11,38
